Time, Na, Na_plus
2.9999999999999997e-5, 27, 73
5.9999999999999995e-5, 21, 79
8.999999999999999e-5, 28, 72
1.1999999999999999e-4, 30, 70
1.5e-4, 23, 77
1.7999999999999998e-4, 28, 72
2.0999999999999998e-4, 32, 68
2.3999999999999998e-4, 29, 71
2.6999999999999995e-4, 24, 76
2.999999999999999e-4, 28, 72
3.299999999999999e-4, 23, 77
3.5999999999999986e-4, 25, 75
3.8999999999999983e-4, 25, 75
4.199999999999998e-4, 23, 77
4.4999999999999977e-4, 26, 74
4.7999999999999974e-4, 28, 72
5.099999999999997e-4, 28, 72
5.399999999999997e-4, 27, 73
5.699999999999997e-4, 24, 76
5.999999999999996e-4, 22, 78
6.299999999999996e-4, 25, 75
6.599999999999996e-4, 25, 75
6.899999999999995e-4, 26, 74
7.199999999999995e-4, 27, 73
7.499999999999995e-4, 28, 72
7.799999999999994e-4, 29, 71
8.099999999999994e-4, 29, 71
8.399999999999994e-4, 33, 67
8.699999999999994e-4, 31, 69
8.999999999999993e-4, 31, 69
9.299999999999993e-4, 30, 70
9.599999999999993e-4, 32, 68
9.899999999999993e-4, 30, 70
1.0199999999999994e-3, 25, 75
1.0499999999999995e-3, 24, 76
1.0799999999999996e-3, 23, 77
1.1099999999999997e-3, 22, 78
1.1399999999999997e-3, 23, 77
1.1699999999999998e-3, 30, 70
1.2e-3, 25, 75
1.23e-3, 25, 75
1.26e-3, 25, 75
1.2900000000000001e-3, 20, 80
1.3200000000000002e-3, 24, 76
1.3500000000000003e-3, 23, 77
1.3800000000000004e-3, 25, 75
1.4100000000000004e-3, 29, 71
1.4400000000000005e-3, 27, 73
1.4700000000000006e-3, 26, 74
1.5000000000000007e-3, 24, 76
1.5300000000000008e-3, 30, 70
1.5600000000000008e-3, 32, 68
1.590000000000001e-3, 27, 73
1.620000000000001e-3, 34, 66
1.650000000000001e-3, 27, 73
1.6800000000000012e-3, 27, 73
1.7100000000000012e-3, 25, 75
1.7400000000000013e-3, 25, 75
1.7700000000000014e-3, 25, 75
1.8000000000000015e-3, 25, 75
1.8300000000000015e-3, 26, 74
1.8600000000000016e-3, 26, 74
1.8900000000000017e-3, 26, 74
1.9200000000000018e-3, 29, 71
1.9500000000000019e-3, 30, 70
1.9800000000000017e-3, 29, 71
2.010000000000002e-3, 30, 70
2.040000000000002e-3, 30, 70
2.070000000000002e-3, 29, 71
2.100000000000002e-3, 25, 75
2.130000000000002e-3, 24, 76
2.160000000000002e-3, 26, 74
2.1900000000000023e-3, 25, 75
2.2200000000000024e-3, 25, 75
2.2500000000000024e-3, 22, 78
2.2800000000000025e-3, 25, 75
2.3100000000000026e-3, 23, 77
2.3400000000000027e-3, 21, 79
2.3700000000000027e-3, 22, 78
2.400000000000003e-3, 27, 73
2.430000000000003e-3, 27, 73
2.460000000000003e-3, 24, 76
2.490000000000003e-3, 23, 77
2.520000000000003e-3, 21, 79
2.5500000000000032e-3, 23, 77
2.5800000000000033e-3, 27, 73
2.6100000000000034e-3, 27, 73
2.6400000000000035e-3, 31, 69
2.6700000000000035e-3, 28, 72
2.7000000000000036e-3, 30, 70
2.7300000000000037e-3, 28, 72
2.7600000000000038e-3, 27, 73
2.790000000000004e-3, 25, 75
2.820000000000004e-3, 19, 81
2.850000000000004e-3, 25, 75
2.880000000000004e-3, 28, 72
2.910000000000004e-3, 27, 73
2.9400000000000042e-3, 24, 76
2.9700000000000043e-3, 23, 77
3.0000000000000044e-3, 22, 78
3.0300000000000045e-3, 25, 75
3.0600000000000046e-3, 23, 77
3.0900000000000046e-3, 24, 76
3.1200000000000047e-3, 25, 75
3.150000000000005e-3, 23, 77
3.180000000000005e-3, 26, 74
3.210000000000005e-3, 25, 75
3.240000000000005e-3, 25, 75
3.270000000000005e-3, 28, 72
3.300000000000005e-3, 21, 79
3.3300000000000053e-3, 21, 79
3.3600000000000053e-3, 22, 78
3.3900000000000054e-3, 22, 78
3.4200000000000055e-3, 21, 79
3.4500000000000056e-3, 20, 80
3.4800000000000057e-3, 24, 76
3.5100000000000057e-3, 25, 75
3.540000000000006e-3, 24, 76
3.570000000000006e-3, 24, 76
3.600000000000006e-3, 22, 78
3.630000000000006e-3, 19, 81
3.660000000000006e-3, 22, 78
3.690000000000006e-3, 20, 80
3.7200000000000063e-3, 25, 75
3.7500000000000064e-3, 23, 77
3.7800000000000064e-3, 26, 74
3.8100000000000065e-3, 23, 77
3.8400000000000066e-3, 22, 78
3.8700000000000067e-3, 18, 82
3.9000000000000068e-3, 18, 82
3.930000000000006e-3, 17, 83
3.960000000000006e-3, 21, 79
3.990000000000006e-3, 21, 79
4.020000000000005e-3, 24, 76
4.050000000000005e-3, 27, 73
4.080000000000005e-3, 28, 72
4.110000000000004e-3, 26, 74
4.140000000000004e-3, 28, 72
4.1700000000000036e-3, 24, 76
4.200000000000003e-3, 22, 78
4.230000000000003e-3, 20, 80
4.2600000000000025e-3, 22, 78
4.290000000000002e-3, 23, 77
4.320000000000002e-3, 22, 78
4.3500000000000014e-3, 22, 78
4.380000000000001e-3, 18, 82
4.410000000000001e-3, 22, 78
4.44e-3, 22, 78
4.47e-3, 22, 78
4.5e-3, 20, 80
4.529999999999999e-3, 16, 84
4.559999999999999e-3, 19, 81
4.589999999999999e-3, 23, 77
4.619999999999998e-3, 20, 80
4.649999999999998e-3, 22, 78
4.6799999999999975e-3, 19, 81
4.709999999999997e-3, 20, 80
4.739999999999997e-3, 23, 77
4.7699999999999965e-3, 22, 78
4.799999999999996e-3, 23, 77
4.829999999999996e-3, 25, 75
4.859999999999995e-3, 24, 76
4.889999999999995e-3, 28, 72
4.919999999999995e-3, 19, 81
4.949999999999994e-3, 19, 81
4.979999999999994e-3, 21, 79
5.009999999999994e-3, 22, 78
5.039999999999993e-3, 20, 80
5.069999999999993e-3, 23, 77
5.0999999999999926e-3, 21, 79
5.129999999999992e-3, 23, 77
5.159999999999992e-3, 27, 73
5.1899999999999915e-3, 30, 70
5.219999999999991e-3, 24, 76
5.249999999999991e-3, 27, 73
5.27999999999999e-3, 25, 75
5.30999999999999e-3, 29, 71
5.33999999999999e-3, 34, 66
5.369999999999989e-3, 29, 71
5.399999999999989e-3, 23, 77
5.429999999999989e-3, 27, 73
5.459999999999988e-3, 27, 73
5.489999999999988e-3, 26, 74
5.519999999999988e-3, 25, 75
5.549999999999987e-3, 23, 77
5.579999999999987e-3, 27, 73
5.6099999999999865e-3, 26, 74
5.639999999999986e-3, 28, 72
5.669999999999986e-3, 30, 70
5.6999999999999855e-3, 31, 69
5.729999999999985e-3, 27, 73
5.759999999999985e-3, 25, 75
5.789999999999984e-3, 29, 71
5.819999999999984e-3, 29, 71
5.849999999999984e-3, 28, 72
5.879999999999983e-3, 28, 72
5.909999999999983e-3, 28, 72
5.939999999999983e-3, 29, 71
5.969999999999982e-3, 26, 74
5.999999999999982e-3, 28, 72
6.0299999999999816e-3, 28, 72
6.059999999999981e-3, 31, 69
6.089999999999981e-3, 25, 75
6.1199999999999805e-3, 28, 72
6.14999999999998e-3, 26, 74
6.17999999999998e-3, 25, 75
6.209999999999979e-3, 25, 75
6.239999999999979e-3, 24, 76
6.269999999999979e-3, 21, 79
6.299999999999978e-3, 23, 77
6.329999999999978e-3, 27, 73
6.359999999999978e-3, 24, 76
6.389999999999977e-3, 23, 77
6.419999999999977e-3, 25, 75
6.449999999999977e-3, 23, 77
6.479999999999976e-3, 25, 75
6.509999999999976e-3, 25, 75
6.5399999999999755e-3, 20, 80
6.569999999999975e-3, 23, 77
6.599999999999975e-3, 22, 78
6.6299999999999745e-3, 23, 77
6.659999999999974e-3, 24, 76
6.689999999999974e-3, 25, 75
6.719999999999973e-3, 27, 73
6.749999999999973e-3, 25, 75
6.779999999999973e-3, 20, 80
6.809999999999972e-3, 18, 82
6.839999999999972e-3, 21, 79
6.869999999999972e-3, 23, 77
6.899999999999971e-3, 25, 75
6.929999999999971e-3, 23, 77
6.9599999999999706e-3, 25, 75
6.98999999999997e-3, 28, 72
7.01999999999997e-3, 23, 77
7.0499999999999695e-3, 28, 72
7.079999999999969e-3, 25, 75
7.109999999999969e-3, 23, 77
7.139999999999968e-3, 24, 76
7.169999999999968e-3, 23, 77
7.199999999999968e-3, 23, 77
7.229999999999967e-3, 19, 81
7.259999999999967e-3, 19, 81
7.289999999999967e-3, 20, 80
7.319999999999966e-3, 23, 77
7.349999999999966e-3, 26, 74
7.379999999999966e-3, 26, 74
7.409999999999965e-3, 26, 74
7.439999999999965e-3, 23, 77
7.4699999999999645e-3, 24, 76
7.499999999999964e-3, 20, 80
7.529999999999964e-3, 23, 77
7.5599999999999635e-3, 24, 76
7.589999999999963e-3, 27, 73
7.619999999999963e-3, 21, 79
7.649999999999962e-3, 28, 72
7.679999999999962e-3, 24, 76
7.709999999999962e-3, 25, 75
7.739999999999961e-3, 24, 76
7.769999999999961e-3, 23, 77
7.799999999999961e-3, 23, 77
7.82999999999996e-3, 22, 78
7.85999999999996e-3, 22, 78
7.889999999999961e-3, 24, 76
7.919999999999962e-3, 21, 79
7.949999999999962e-3, 24, 76
7.979999999999963e-3, 23, 77
8.009999999999963e-3, 26, 74
8.039999999999964e-3, 29, 71
8.069999999999964e-3, 30, 70
8.099999999999965e-3, 27, 73
8.129999999999965e-3, 26, 74
8.159999999999966e-3, 30, 70
8.189999999999966e-3, 24, 76
8.219999999999967e-3, 24, 76
8.249999999999967e-3, 21, 79
8.279999999999968e-3, 20, 80
8.309999999999968e-3, 21, 79
8.339999999999969e-3, 23, 77
8.36999999999997e-3, 25, 75
8.39999999999997e-3, 25, 75
8.42999999999997e-3, 27, 73
8.459999999999971e-3, 24, 76
8.489999999999972e-3, 20, 80
8.519999999999972e-3, 20, 80
8.549999999999973e-3, 27, 73
8.579999999999973e-3, 26, 74
8.609999999999974e-3, 26, 74
8.639999999999974e-3, 28, 72
8.669999999999975e-3, 24, 76
8.699999999999975e-3, 26, 74
8.729999999999976e-3, 20, 80
8.759999999999976e-3, 24, 76
8.789999999999977e-3, 27, 73
8.819999999999977e-3, 29, 71
8.849999999999978e-3, 24, 76
8.879999999999978e-3, 28, 72
8.909999999999979e-3, 29, 71
8.93999999999998e-3, 29, 71
8.96999999999998e-3, 30, 70
8.99999999999998e-3, 27, 73
9.02999999999998e-3, 26, 74
9.059999999999981e-3, 30, 70
9.089999999999982e-3, 28, 72
9.119999999999982e-3, 28, 72
9.149999999999983e-3, 25, 75
9.179999999999983e-3, 25, 75
9.209999999999984e-3, 28, 72
9.239999999999984e-3, 23, 77
9.269999999999985e-3, 22, 78
9.299999999999985e-3, 24, 76
9.329999999999986e-3, 26, 74
9.359999999999986e-3, 24, 76
9.389999999999987e-3, 22, 78
9.419999999999987e-3, 24, 76
9.449999999999988e-3, 27, 73
9.479999999999988e-3, 25, 75
9.509999999999989e-3, 24, 76
9.53999999999999e-3, 26, 74
9.56999999999999e-3, 26, 74
9.59999999999999e-3, 27, 73
9.629999999999991e-3, 24, 76
9.659999999999992e-3, 24, 76
9.689999999999992e-3, 25, 75
9.719999999999993e-3, 28, 72
9.749999999999993e-3, 35, 65
9.779999999999994e-3, 32, 68
9.809999999999994e-3, 29, 71
9.839999999999995e-3, 28, 72
9.869999999999995e-3, 24, 76
9.899999999999996e-3, 23, 77
9.929999999999996e-3, 24, 76
9.959999999999997e-3, 29, 71
9.989999999999997e-3, 26, 74
1.0019999999999998e-2, 26, 74
1.0049999999999998e-2, 21, 79
1.0079999999999999e-2, 22, 78
1.011e-2, 23, 77
1.014e-2, 23, 77
1.017e-2, 25, 75
1.02e-2, 21, 79
1.0230000000000001e-2, 23, 77
1.0260000000000002e-2, 26, 74
1.0290000000000002e-2, 26, 74
1.0320000000000003e-2, 23, 77
1.0350000000000003e-2, 26, 74
1.0380000000000004e-2, 25, 75
1.0410000000000004e-2, 25, 75
1.0440000000000005e-2, 22, 78
1.0470000000000005e-2, 23, 77
1.0500000000000006e-2, 24, 76
1.0530000000000006e-2, 23, 77
1.0560000000000007e-2, 21, 79
1.0590000000000007e-2, 22, 78
1.0620000000000008e-2, 26, 74
1.0650000000000008e-2, 26, 74
1.0680000000000009e-2, 25, 75
1.071000000000001e-2, 26, 74
1.074000000000001e-2, 29, 71
1.077000000000001e-2, 27, 73
1.0800000000000011e-2, 26, 74
1.0830000000000011e-2, 23, 77
1.0860000000000012e-2, 27, 73
1.0890000000000013e-2, 26, 74
1.0920000000000013e-2, 24, 76
1.0950000000000014e-2, 26, 74
1.0980000000000014e-2, 21, 79
1.1010000000000015e-2, 23, 77
1.1040000000000015e-2, 22, 78
1.1070000000000016e-2, 26, 74
1.1100000000000016e-2, 24, 76
1.1130000000000017e-2, 22, 78
1.1160000000000017e-2, 20, 80
1.1190000000000018e-2, 23, 77
1.1220000000000018e-2, 23, 77
1.1250000000000019e-2, 25, 75
1.128000000000002e-2, 25, 75
1.131000000000002e-2, 21, 79
1.134000000000002e-2, 16, 84
1.137000000000002e-2, 18, 82
1.1400000000000021e-2, 22, 78
1.1430000000000022e-2, 26, 74
1.1460000000000022e-2, 25, 75
1.1490000000000023e-2, 26, 74
1.1520000000000023e-2, 28, 72
1.1550000000000024e-2, 23, 77
1.1580000000000024e-2, 26, 74
1.1610000000000025e-2, 22, 78
1.1640000000000025e-2, 24, 76
1.1670000000000026e-2, 25, 75
1.1700000000000026e-2, 29, 71
1.1730000000000027e-2, 28, 72
1.1760000000000027e-2, 29, 71
1.1790000000000028e-2, 28, 72
1.1820000000000028e-2, 23, 77
1.1850000000000029e-2, 23, 77
1.188000000000003e-2, 22, 78
1.191000000000003e-2, 26, 74
1.194000000000003e-2, 25, 75
1.1970000000000031e-2, 25, 75
1.2000000000000031e-2, 23, 77
1.2030000000000032e-2, 22, 78
1.2060000000000032e-2, 24, 76
1.2090000000000033e-2, 28, 72
1.2120000000000034e-2, 26, 74
1.2150000000000034e-2, 21, 79
1.2180000000000035e-2, 22, 78
1.2210000000000035e-2, 23, 77
1.2240000000000036e-2, 21, 79
1.2270000000000036e-2, 28, 72
1.2300000000000037e-2, 31, 69
1.2330000000000037e-2, 29, 71
1.2360000000000038e-2, 28, 72
1.2390000000000038e-2, 21, 79
1.2420000000000039e-2, 24, 76
1.245000000000004e-2, 24, 76
1.248000000000004e-2, 25, 75
1.251000000000004e-2, 24, 76
1.254000000000004e-2, 28, 72
1.2570000000000041e-2, 24, 76
1.2600000000000042e-2, 24, 76
1.2630000000000042e-2, 23, 77
1.2660000000000043e-2, 24, 76
1.2690000000000043e-2, 26, 74
1.2720000000000044e-2, 27, 73
1.2750000000000044e-2, 27, 73
1.2780000000000045e-2, 26, 74
1.2810000000000045e-2, 26, 74
1.2840000000000046e-2, 27, 73
1.2870000000000046e-2, 30, 70
1.2900000000000047e-2, 28, 72
1.2930000000000047e-2, 28, 72
1.2960000000000048e-2, 26, 74
1.2990000000000048e-2, 23, 77
1.3020000000000049e-2, 22, 78
1.305000000000005e-2, 25, 75
1.308000000000005e-2, 22, 78
1.311000000000005e-2, 27, 73
1.3140000000000051e-2, 28, 72
1.3170000000000051e-2, 24, 76
1.3200000000000052e-2, 21, 79
1.3230000000000052e-2, 23, 77
1.3260000000000053e-2, 26, 74
1.3290000000000054e-2, 23, 77
1.3320000000000054e-2, 27, 73
1.3350000000000055e-2, 26, 74
1.3380000000000055e-2, 25, 75
1.3410000000000056e-2, 26, 74
1.3440000000000056e-2, 25, 75
1.3470000000000057e-2, 25, 75
1.3500000000000057e-2, 27, 73
1.3530000000000058e-2, 26, 74
1.3560000000000058e-2, 26, 74
1.3590000000000059e-2, 26, 74
1.362000000000006e-2, 27, 73
1.365000000000006e-2, 27, 73
1.368000000000006e-2, 21, 79
1.371000000000006e-2, 26, 74
1.3740000000000061e-2, 23, 77
1.3770000000000062e-2, 24, 76
1.3800000000000062e-2, 22, 78
1.3830000000000063e-2, 19, 81
1.3860000000000063e-2, 23, 77
1.3890000000000064e-2, 19, 81
1.3920000000000064e-2, 19, 81
1.3950000000000065e-2, 22, 78
1.3980000000000065e-2, 24, 76
1.4010000000000066e-2, 21, 79
1.4040000000000066e-2, 27, 73
1.4070000000000067e-2, 28, 72
1.4100000000000067e-2, 26, 74
1.4130000000000068e-2, 24, 76
1.4160000000000068e-2, 28, 72
1.4190000000000069e-2, 27, 73
1.422000000000007e-2, 27, 73
1.425000000000007e-2, 28, 72
1.428000000000007e-2, 28, 72
1.4310000000000071e-2, 27, 73
1.4340000000000071e-2, 24, 76
1.4370000000000072e-2, 30, 70
1.4400000000000072e-2, 32, 68
1.4430000000000073e-2, 24, 76
1.4460000000000073e-2, 21, 79
1.4490000000000074e-2, 25, 75
1.4520000000000075e-2, 22, 78
1.4550000000000075e-2, 20, 80
1.4580000000000076e-2, 25, 75
1.4610000000000076e-2, 25, 75
1.4640000000000077e-2, 27, 73
1.4670000000000077e-2, 29, 71
1.4700000000000078e-2, 27, 73
1.4730000000000078e-2, 27, 73
1.4760000000000079e-2, 26, 74
1.4790000000000079e-2, 29, 71
1.482000000000008e-2, 27, 73
1.485000000000008e-2, 26, 74
1.488000000000008e-2, 23, 77
1.4910000000000081e-2, 22, 78
1.4940000000000082e-2, 23, 77
1.4970000000000082e-2, 22, 78
1.5000000000000083e-2, 22, 78
1.5030000000000083e-2, 20, 80
1.5060000000000084e-2, 28, 72
1.5090000000000084e-2, 31, 69
1.5120000000000085e-2, 27, 73
1.5150000000000085e-2, 26, 74
1.5180000000000086e-2, 26, 74
1.5210000000000086e-2, 25, 75
1.5240000000000087e-2, 24, 76
1.5270000000000087e-2, 20, 80
1.5300000000000088e-2, 25, 75
1.5330000000000088e-2, 26, 74
1.5360000000000089e-2, 25, 75
1.539000000000009e-2, 26, 74
1.542000000000009e-2, 23, 77
1.545000000000009e-2, 22, 78
1.5480000000000091e-2, 20, 80
1.5510000000000091e-2, 23, 77
1.5540000000000092e-2, 21, 79
1.5570000000000092e-2, 20, 80
1.5600000000000093e-2, 21, 79
1.5630000000000092e-2, 26, 74
1.566000000000009e-2, 25, 75
1.569000000000009e-2, 23, 77
1.5720000000000088e-2, 23, 77
1.5750000000000087e-2, 26, 74
1.5780000000000086e-2, 26, 74
1.5810000000000084e-2, 26, 74
1.5840000000000083e-2, 23, 77
1.5870000000000082e-2, 22, 78
1.590000000000008e-2, 30, 70
1.593000000000008e-2, 20, 80
1.596000000000008e-2, 22, 78
1.5990000000000077e-2, 24, 76
1.6020000000000076e-2, 26, 74
1.6050000000000075e-2, 26, 74
1.6080000000000073e-2, 26, 74
1.6110000000000072e-2, 24, 76
1.614000000000007e-2, 22, 78
1.617000000000007e-2, 21, 79
1.620000000000007e-2, 23, 77
1.6230000000000067e-2, 26, 74
1.6260000000000066e-2, 24, 76
1.6290000000000065e-2, 24, 76
1.6320000000000064e-2, 21, 79
1.6350000000000062e-2, 25, 75
1.638000000000006e-2, 25, 75
1.641000000000006e-2, 26, 74
1.644000000000006e-2, 22, 78
1.6470000000000058e-2, 19, 81
1.6500000000000056e-2, 18, 82
1.6530000000000055e-2, 21, 79
1.6560000000000054e-2, 20, 80
1.6590000000000053e-2, 23, 77
1.662000000000005e-2, 23, 77
1.665000000000005e-2, 27, 73
1.668000000000005e-2, 26, 74
1.6710000000000048e-2, 24, 76
1.6740000000000047e-2, 21, 79
1.6770000000000045e-2, 21, 79
1.6800000000000044e-2, 22, 78
1.6830000000000043e-2, 21, 79
1.686000000000004e-2, 23, 77
1.689000000000004e-2, 27, 73
1.692000000000004e-2, 27, 73
1.6950000000000038e-2, 20, 80
1.6980000000000037e-2, 22, 78
1.7010000000000036e-2, 22, 78
1.7040000000000034e-2, 22, 78
1.7070000000000033e-2, 21, 79
1.7100000000000032e-2, 24, 76
1.713000000000003e-2, 22, 78
1.716000000000003e-2, 19, 81
1.7190000000000028e-2, 20, 80
1.7220000000000027e-2, 18, 82
1.7250000000000026e-2, 25, 75
1.7280000000000025e-2, 22, 78
1.7310000000000023e-2, 22, 78
1.7340000000000022e-2, 23, 77
1.737000000000002e-2, 21, 79
1.740000000000002e-2, 20, 80
1.743000000000002e-2, 24, 76
1.7460000000000017e-2, 26, 74
1.7490000000000016e-2, 30, 70
1.7520000000000015e-2, 25, 75
1.7550000000000014e-2, 28, 72
1.7580000000000012e-2, 31, 69
1.761000000000001e-2, 27, 73
1.764000000000001e-2, 25, 75
1.767000000000001e-2, 23, 77
1.7700000000000007e-2, 25, 75
1.7730000000000006e-2, 27, 73
1.7760000000000005e-2, 27, 73
1.7790000000000004e-2, 29, 71
1.7820000000000003e-2, 26, 74
1.785e-2, 32, 68
1.788e-2, 35, 65
1.791e-2, 30, 70
1.7939999999999998e-2, 29, 71
1.7969999999999996e-2, 25, 75
1.7999999999999995e-2, 28, 72
1.8029999999999994e-2, 30, 70
1.8059999999999993e-2, 29, 71
1.808999999999999e-2, 25, 75
1.811999999999999e-2, 24, 76
1.814999999999999e-2, 23, 77
1.8179999999999988e-2, 23, 77
1.8209999999999987e-2, 23, 77
1.8239999999999985e-2, 31, 69
1.8269999999999984e-2, 26, 74
1.8299999999999983e-2, 26, 74
1.832999999999998e-2, 24, 76
1.835999999999998e-2, 28, 72
1.838999999999998e-2, 25, 75
1.8419999999999978e-2, 27, 73
1.8449999999999977e-2, 26, 74
1.8479999999999976e-2, 23, 77
1.8509999999999974e-2, 24, 76
1.8539999999999973e-2, 28, 72
1.8569999999999972e-2, 25, 75
1.859999999999997e-2, 23, 77
1.862999999999997e-2, 23, 77
1.865999999999997e-2, 27, 73
1.8689999999999967e-2, 28, 72
1.8719999999999966e-2, 28, 72
1.8749999999999965e-2, 25, 75
1.8779999999999963e-2, 31, 69
1.8809999999999962e-2, 28, 72
1.883999999999996e-2, 27, 73
1.886999999999996e-2, 29, 71
1.889999999999996e-2, 27, 73
1.8929999999999957e-2, 27, 73
1.8959999999999956e-2, 21, 79
1.8989999999999955e-2, 24, 76
1.9019999999999954e-2, 24, 76
1.9049999999999952e-2, 24, 76
1.907999999999995e-2, 27, 73
1.910999999999995e-2, 25, 75
1.913999999999995e-2, 26, 74
1.9169999999999947e-2, 30, 70
1.9199999999999946e-2, 22, 78
1.9229999999999945e-2, 25, 75
1.9259999999999944e-2, 26, 74
1.9289999999999943e-2, 26, 74
1.931999999999994e-2, 25, 75
1.934999999999994e-2, 29, 71
1.937999999999994e-2, 25, 75
1.9409999999999938e-2, 23, 77
1.9439999999999936e-2, 24, 76
1.9469999999999935e-2, 26, 74
1.9499999999999934e-2, 27, 73
1.9529999999999933e-2, 28, 72
1.955999999999993e-2, 24, 76
1.958999999999993e-2, 22, 78
1.961999999999993e-2, 26, 74
1.9649999999999928e-2, 24, 76
1.9679999999999927e-2, 24, 76
1.9709999999999925e-2, 25, 75
1.9739999999999924e-2, 25, 75
1.9769999999999923e-2, 27, 73
1.9799999999999922e-2, 21, 79
1.982999999999992e-2, 21, 79
1.985999999999992e-2, 27, 73
1.9889999999999918e-2, 23, 77
1.9919999999999917e-2, 20, 80
1.9949999999999916e-2, 19, 81
1.9979999999999914e-2, 22, 78
2.0009999999999913e-2, 23, 77
2.0039999999999912e-2, 23, 77
2.006999999999991e-2, 21, 79
2.009999999999991e-2, 24, 76
2.012999999999991e-2, 23, 77
2.0159999999999907e-2, 23, 77
2.0189999999999906e-2, 24, 76
2.0219999999999905e-2, 25, 75
2.0249999999999903e-2, 30, 70
2.0279999999999902e-2, 26, 74
2.03099999999999e-2, 24, 76
2.03399999999999e-2, 19, 81
2.03699999999999e-2, 22, 78
2.0399999999999897e-2, 22, 78
2.0429999999999896e-2, 24, 76
2.0459999999999895e-2, 25, 75
2.0489999999999894e-2, 23, 77
2.0519999999999892e-2, 23, 77
2.054999999999989e-2, 22, 78
2.057999999999989e-2, 25, 75
2.060999999999989e-2, 27, 73
2.0639999999999888e-2, 23, 77
2.0669999999999886e-2, 19, 81
2.0699999999999885e-2, 16, 84
2.0729999999999884e-2, 18, 82
2.0759999999999883e-2, 22, 78
2.078999999999988e-2, 24, 76
2.081999999999988e-2, 22, 78
2.084999999999988e-2, 21, 79
2.0879999999999878e-2, 20, 80
2.0909999999999877e-2, 21, 79
2.0939999999999875e-2, 18, 82
2.0969999999999874e-2, 20, 80
2.0999999999999873e-2, 21, 79
2.102999999999987e-2, 20, 80
2.105999999999987e-2, 25, 75
2.108999999999987e-2, 27, 73
2.1119999999999868e-2, 25, 75
2.1149999999999867e-2, 27, 73
2.1179999999999866e-2, 25, 75
2.1209999999999864e-2, 26, 74
2.1239999999999863e-2, 30, 70
2.1269999999999862e-2, 23, 77
2.129999999999986e-2, 23, 77
2.132999999999986e-2, 20, 80
2.135999999999986e-2, 20, 80
2.1389999999999857e-2, 23, 77
2.1419999999999856e-2, 22, 78
2.1449999999999855e-2, 22, 78
2.1479999999999853e-2, 19, 81
2.1509999999999852e-2, 20, 80
2.153999999999985e-2, 22, 78
2.156999999999985e-2, 21, 79
2.159999999999985e-2, 27, 73
2.1629999999999847e-2, 27, 73
2.1659999999999846e-2, 21, 79
2.1689999999999845e-2, 23, 77
2.1719999999999844e-2, 23, 77
2.1749999999999842e-2, 23, 77
2.177999999999984e-2, 25, 75
2.180999999999984e-2, 26, 74
2.183999999999984e-2, 24, 76
2.1869999999999837e-2, 25, 75
2.1899999999999836e-2, 24, 76
2.1929999999999835e-2, 28, 72
2.1959999999999834e-2, 26, 74
2.1989999999999833e-2, 22, 78
2.201999999999983e-2, 22, 78
2.204999999999983e-2, 24, 76
2.207999999999983e-2, 23, 77
2.2109999999999828e-2, 22, 78
2.2139999999999826e-2, 23, 77
2.2169999999999825e-2, 27, 73
2.2199999999999824e-2, 23, 77
2.2229999999999823e-2, 25, 75
2.225999999999982e-2, 22, 78
2.228999999999982e-2, 23, 77
2.231999999999982e-2, 22, 78
2.2349999999999818e-2, 24, 76
2.2379999999999817e-2, 26, 74
2.2409999999999815e-2, 26, 74
2.2439999999999814e-2, 28, 72
2.2469999999999813e-2, 26, 74
2.2499999999999812e-2, 27, 73
2.252999999999981e-2, 21, 79
2.255999999999981e-2, 20, 80
2.2589999999999808e-2, 21, 79
2.2619999999999807e-2, 21, 79
2.2649999999999806e-2, 20, 80
2.2679999999999804e-2, 21, 79
2.2709999999999803e-2, 23, 77
2.2739999999999802e-2, 21, 79
2.27699999999998e-2, 23, 77
2.27999999999998e-2, 21, 79
2.28299999999998e-2, 26, 74
2.2859999999999797e-2, 20, 80
2.2889999999999796e-2, 19, 81
2.2919999999999795e-2, 22, 78
2.2949999999999793e-2, 21, 79
2.2979999999999792e-2, 23, 77
2.300999999999979e-2, 23, 77
2.303999999999979e-2, 25, 75
2.306999999999979e-2, 25, 75
2.3099999999999787e-2, 32, 68
2.3129999999999786e-2, 27, 73
2.3159999999999785e-2, 28, 72
2.3189999999999784e-2, 31, 69
2.3219999999999782e-2, 26, 74
2.324999999999978e-2, 22, 78
2.327999999999978e-2, 25, 75
2.330999999999978e-2, 28, 72
2.3339999999999778e-2, 28, 72
2.3369999999999776e-2, 25, 75
2.3399999999999775e-2, 26, 74
2.3429999999999774e-2, 26, 74
2.3459999999999773e-2, 28, 72
2.348999999999977e-2, 21, 79
2.351999999999977e-2, 21, 79
2.354999999999977e-2, 20, 80
2.3579999999999768e-2, 23, 77
2.3609999999999767e-2, 25, 75
2.3639999999999765e-2, 29, 71
2.3669999999999764e-2, 33, 67
2.3699999999999763e-2, 28, 72
2.372999999999976e-2, 25, 75
2.375999999999976e-2, 30, 70
2.378999999999976e-2, 29, 71
2.3819999999999758e-2, 31, 69
2.3849999999999757e-2, 27, 73
2.3879999999999756e-2, 30, 70
2.3909999999999754e-2, 28, 72
2.3939999999999753e-2, 25, 75
2.3969999999999752e-2, 25, 75
2.399999999999975e-2, 25, 75
2.402999999999975e-2, 22, 78
2.4059999999999748e-2, 22, 78
2.4089999999999747e-2, 21, 79
2.4119999999999746e-2, 22, 78
2.4149999999999745e-2, 26, 74
2.4179999999999743e-2, 28, 72
2.4209999999999742e-2, 27, 73
2.423999999999974e-2, 27, 73
2.426999999999974e-2, 19, 81
2.429999999999974e-2, 24, 76
2.4329999999999737e-2, 22, 78
2.4359999999999736e-2, 24, 76
2.4389999999999735e-2, 25, 75
2.4419999999999734e-2, 27, 73
2.4449999999999732e-2, 22, 78
2.447999999999973e-2, 25, 75
2.450999999999973e-2, 22, 78
2.453999999999973e-2, 22, 78
2.4569999999999727e-2, 28, 72
2.4599999999999726e-2, 24, 76
2.4629999999999725e-2, 26, 74
2.4659999999999724e-2, 20, 80
2.4689999999999723e-2, 27, 73
2.471999999999972e-2, 28, 72
2.474999999999972e-2, 28, 72
2.477999999999972e-2, 27, 73
2.4809999999999718e-2, 27, 73
2.4839999999999716e-2, 25, 75
2.4869999999999715e-2, 28, 72
2.4899999999999714e-2, 29, 71
2.4929999999999713e-2, 24, 76
2.495999999999971e-2, 28, 72
2.498999999999971e-2, 29, 71
2.501999999999971e-2, 28, 72
2.5049999999999708e-2, 26, 74
2.5079999999999707e-2, 30, 70
2.5109999999999705e-2, 25, 75
2.5139999999999704e-2, 30, 70
2.5169999999999703e-2, 25, 75
2.5199999999999702e-2, 22, 78
2.52299999999997e-2, 24, 76
2.52599999999997e-2, 26, 74
2.5289999999999698e-2, 23, 77
2.5319999999999697e-2, 23, 77
2.5349999999999696e-2, 24, 76
2.5379999999999694e-2, 24, 76
2.5409999999999693e-2, 24, 76
2.5439999999999692e-2, 24, 76
2.546999999999969e-2, 27, 73
2.549999999999969e-2, 27, 73
2.552999999999969e-2, 24, 76
2.5559999999999687e-2, 19, 81
2.5589999999999686e-2, 28, 72
2.5619999999999685e-2, 31, 69
2.5649999999999683e-2, 28, 72
2.5679999999999682e-2, 28, 72
2.570999999999968e-2, 27, 73
2.573999999999968e-2, 26, 74
2.576999999999968e-2, 24, 76
2.5799999999999677e-2, 23, 77
2.5829999999999676e-2, 29, 71
2.5859999999999675e-2, 30, 70
2.5889999999999674e-2, 28, 72
2.5919999999999672e-2, 30, 70
2.594999999999967e-2, 29, 71
2.597999999999967e-2, 28, 72
2.600999999999967e-2, 30, 70
2.6039999999999668e-2, 29, 71
2.6069999999999666e-2, 27, 73
2.6099999999999665e-2, 26, 74
2.6129999999999664e-2, 25, 75
2.6159999999999663e-2, 23, 77
2.618999999999966e-2, 22, 78
2.621999999999966e-2, 24, 76
2.624999999999966e-2, 22, 78
2.6279999999999658e-2, 21, 79
2.6309999999999657e-2, 26, 74
2.6339999999999655e-2, 34, 66
2.6369999999999654e-2, 28, 72
2.6399999999999653e-2, 27, 73
2.642999999999965e-2, 28, 72
2.645999999999965e-2, 28, 72
2.648999999999965e-2, 26, 74
2.6519999999999648e-2, 26, 74
2.6549999999999647e-2, 30, 70
2.6579999999999646e-2, 28, 72
2.6609999999999644e-2, 27, 73
2.6639999999999643e-2, 26, 74
2.6669999999999642e-2, 26, 74
2.669999999999964e-2, 26, 74
2.672999999999964e-2, 27, 73
2.6759999999999638e-2, 28, 72
2.6789999999999637e-2, 29, 71
2.6819999999999636e-2, 26, 74
2.6849999999999635e-2, 31, 69
2.6879999999999633e-2, 28, 72
2.6909999999999632e-2, 31, 69
2.693999999999963e-2, 30, 70
2.696999999999963e-2, 25, 75
2.699999999999963e-2, 22, 78
2.7029999999999627e-2, 22, 78
2.7059999999999626e-2, 21, 79
2.7089999999999625e-2, 25, 75
2.7119999999999624e-2, 28, 72
2.7149999999999622e-2, 31, 69
2.717999999999962e-2, 26, 74
2.720999999999962e-2, 23, 77
2.723999999999962e-2, 19, 81
2.7269999999999617e-2, 17, 83
2.7299999999999616e-2, 17, 83
2.7329999999999615e-2, 19, 81
2.7359999999999614e-2, 27, 73
2.7389999999999613e-2, 29, 71
2.741999999999961e-2, 24, 76
2.744999999999961e-2, 26, 74
2.747999999999961e-2, 25, 75
2.7509999999999608e-2, 22, 78
2.7539999999999606e-2, 25, 75
2.7569999999999605e-2, 22, 78
2.7599999999999604e-2, 25, 75
2.7629999999999603e-2, 23, 77
2.76599999999996e-2, 23, 77
2.76899999999996e-2, 23, 77
2.77199999999996e-2, 27, 73
2.7749999999999598e-2, 28, 72
2.7779999999999597e-2, 33, 67
2.7809999999999595e-2, 31, 69
2.7839999999999594e-2, 27, 73
2.7869999999999593e-2, 25, 75
2.7899999999999592e-2, 23, 77
2.792999999999959e-2, 26, 74
2.795999999999959e-2, 27, 73
2.7989999999999588e-2, 23, 77
2.8019999999999587e-2, 23, 77
2.8049999999999586e-2, 25, 75
2.8079999999999584e-2, 21, 79
2.8109999999999583e-2, 20, 80
2.8139999999999582e-2, 26, 74
2.816999999999958e-2, 24, 76
2.819999999999958e-2, 29, 71
2.822999999999958e-2, 30, 70
2.8259999999999577e-2, 29, 71
2.8289999999999576e-2, 29, 71
2.8319999999999575e-2, 26, 74
2.8349999999999573e-2, 29, 71
2.8379999999999572e-2, 26, 74
2.840999999999957e-2, 22, 78
2.843999999999957e-2, 23, 77
2.846999999999957e-2, 25, 75
2.8499999999999567e-2, 25, 75
2.8529999999999566e-2, 28, 72
2.8559999999999565e-2, 25, 75
2.8589999999999564e-2, 25, 75
2.8619999999999562e-2, 26, 74
2.864999999999956e-2, 27, 73
2.867999999999956e-2, 25, 75
2.870999999999956e-2, 25, 75
2.8739999999999558e-2, 24, 76
2.8769999999999556e-2, 26, 74
2.8799999999999555e-2, 24, 76
2.8829999999999554e-2, 25, 75
2.8859999999999553e-2, 20, 80
2.888999999999955e-2, 21, 79
2.891999999999955e-2, 23, 77
2.894999999999955e-2, 20, 80
2.8979999999999548e-2, 22, 78
2.9009999999999547e-2, 27, 73
2.9039999999999545e-2, 22, 78
2.9069999999999544e-2, 24, 76
2.9099999999999543e-2, 28, 72
2.912999999999954e-2, 27, 73
2.915999999999954e-2, 25, 75
2.918999999999954e-2, 25, 75
2.9219999999999538e-2, 28, 72
2.9249999999999537e-2, 23, 77
2.9279999999999536e-2, 24, 76
2.9309999999999534e-2, 27, 73
2.9339999999999533e-2, 22, 78
2.9369999999999532e-2, 23, 77
2.939999999999953e-2, 21, 79
2.942999999999953e-2, 25, 75
2.9459999999999528e-2, 27, 73
2.9489999999999527e-2, 26, 74
2.9519999999999526e-2, 22, 78
2.9549999999999525e-2, 23, 77
2.9579999999999523e-2, 17, 83
2.9609999999999522e-2, 20, 80
2.963999999999952e-2, 22, 78
2.966999999999952e-2, 24, 76
2.969999999999952e-2, 23, 77
2.9729999999999517e-2, 23, 77
2.9759999999999516e-2, 24, 76
2.9789999999999515e-2, 21, 79
2.9819999999999514e-2, 21, 79
2.9849999999999512e-2, 25, 75
2.987999999999951e-2, 22, 78
2.990999999999951e-2, 26, 74
2.993999999999951e-2, 27, 73
2.9969999999999507e-2, 25, 75
2.9999999999999506e-2, 27, 73
3.0029999999999505e-2, 25, 75
