Time,KKK(),KKKst(),KK(),KK_PP(),KK_P(),K(),K_PP(),K_P()
0.,100,0,100,0,0,100,0,0
0.00146397493035,99,0,100,0,0,100,0,0
0.306115850337,99,1,100,0,0,100,0,0
0.313268047134,98,1,100,0,0,100,0,0
0.313519527443,98,0,99,0,0,100,0,0
0.552339446124,98,1,99,0,0,100,0,0
0.553016413182,97,1,99,0,0,100,0,0
0.558852843501,97,0,98,0,0,100,0,0
0.621365663163,97,1,99,0,0,100,0,0
0.642614585923,97,0,98,0,0,100,0,0
0.753250702816,97,1,98,0,1,100,0,0
0.774845409656,97,0,97,0,1,100,0,0
0.86870891706,98,0,97,0,1,100,0,0
0.878375783876,97,0,97,0,1,100,0,0
0.966016757293,97,1,97,0,2,100,0,0
0.966184436635,97,0,96,0,2,100,0,0
1.0943867898,97,1,96,0,2,100,0,0
1.09683703339,97,0,95,0,2,100,0,0
1.1206582664,96,0,95,0,2,100,0,0
1.20679000289,96,1,95,0,3,100,0,0
1.21423652242,96,0,94,0,3,100,0,0
1.26242984419,96,1,94,0,4,100,0,0
1.29171917187,96,0,93,0,4,100,0,0
1.31469582364,96,1,93,0,5,100,0,0
1.31896175169,96,0,92,0,5,100,0,0
1.32744485739,96,0,92,0,4,100,0,0
1.38454840526,96,1,92,0,5,100,0,0
1.38757617897,96,0,91,0,5,100,0,0
1.40568071851,96,0,91,0,6,100,0,0
1.43977404447,96,1,92,0,6,100,0,0
1.44689441887,96,0,91,0,6,100,0,0
1.52409040183,96,1,91,0,7,100,0,0
1.52473645665,96,1,91,0,6,100,0,0
1.52937577581,96,0,90,0,6,100,0,0
1.64833063308,96,1,90,0,7,100,0,0
1.66180580424,96,0,89,0,7,100,0,0
1.92699574303,96,1,89,0,7,100,0,0
1.92748160081,95,1,89,0,7,100,0,0
1.93343685727,95,0,88,0,7,100,0,0
1.93574193714,95,1,88,0,8,100,0,0
1.93761968108,95,0,88,0,8,100,0,0
1.97301126988,95,1,88,0,9,100,0,0
1.98170096654,95,2,88,0,10,100,0,0
1.98226323516,95,1,87,0,10,100,0,0
1.98918324324,95,0,86,0,10,100,0,0
2.08050798808,95,1,86,0,11,100,0,0
2.10535175251,95,1,86,0,12,100,0,0
2.11369623463,95,0,85,0,12,100,0,0
2.18989176556,95,0,85,0,11,100,0,0
2.30963111851,95,0,86,0,11,100,0,0
2.33631947906,95,1,86,0,12,100,0,0
2.34366150468,95,0,85,0,12,100,0,0
2.35362546171,95,0,85,0,11,100,0,0
2.39384606327,95,1,85,0,12,100,0,0
2.39719812432,95,0,84,0,12,100,0,0
2.48538834745,95,1,84,0,12,100,0,0
2.48818509871,95,0,84,0,11,100,0,0
2.73695926671,95,1,84,0,12,100,0,0
2.74611308835,95,0,83,0,12,100,0,0
2.77219894124,95,1,84,0,12,100,0,0
2.77855190433,95,0,83,0,12,100,0,0
2.78756562018,95,1,83,0,13,100,0,0
2.79018407924,95,0,82,0,13,100,0,0
3.13877522041,95,1,83,0,13,100,0,0
3.13930847235,95,0,82,0,13,100,0,0
3.27817266381,95,1,82,0,14,100,0,0
3.27910211925,95,0,81,0,14,100,0,0
3.38904414309,95,1,81,0,15,100,0,0
3.40117342479,95,0,80,0,15,100,0,0
3.41656528368,95,1,80,0,15,100,0,0
3.41792274013,95,0,80,0,14,100,0,0
3.42087474311,94,0,80,0,14,100,0,0
3.47264322032,94,1,80,0,15,100,0,0
3.47938062527,94,0,80,0,14,100,0,0
3.48580180459,94,0,81,0,14,100,0,0
3.52874141392,94,1,81,1,14,100,0,0
3.53677264944,94,0,81,1,13,100,0,0
3.54532849301,94,0,81,0,13,99,0,0
3.54689347298,94,1,81,1,13,99,0,0
3.55047215659,94,0,81,1,12,99,0,0
3.55478857209,94,0,81,0,12,98,0,0
3.60203883474,94,1,81,0,13,98,0,0
3.60575243532,94,0,80,0,13,98,0,0
3.62304303135,94,1,80,0,14,98,0,0
3.62560575433,94,0,79,0,14,98,0,0
3.70948770913,94,0,79,1,14,98,0,1
3.71425522496,94,0,79,0,14,97,0,1
3.73080068399,94,1,79,0,14,97,0,1
3.74099056011,93,1,79,0,14,97,0,1
3.75340214473,93,0,78,0,14,97,0,1
3.76909266824,93,1,78,0,15,97,0,1
3.77185776968,93,0,77,0,15,97,0,1
3.78657819514,93,1,77,0,16,97,0,1
3.78895387004,93,0,76,0,16,97,0,1
3.80472513909,93,0,76,1,16,97,0,2
3.8141978555,93,0,76,0,16,96,0,2
3.84680403353,93,1,76,0,17,96,0,2
3.84690993736,93,0,76,0,16,96,0,2
3.85565161236,93,1,76,0,17,96,0,2
3.8645878772,93,0,75,0,17,96,0,2
3.87343812182,93,1,75,0,18,96,0,2
3.87705079283,93,0,74,0,18,96,0,2
3.88071032229,93,1,74,0,19,96,0,2
3.88792515808,93,0,73,0,19,96,0,2
3.95740899624,93,1,73,0,20,96,0,2
3.96127751955,93,0,72,0,20,96,0,2
3.96409516905,93,0,72,0,19,96,0,2
3.96901085458,93,1,72,0,20,96,0,2
3.97265750769,93,0,71,0,20,96,0,2
3.97389478602,93,1,71,0,21,96,0,2
3.97695106153,93,0,70,0,21,96,0,2
4.00299548159,93,0,70,1,21,97,0,2
4.00762322722,93,0,70,0,21,96,0,2
4.00824654893,93,1,70,0,22,96,0,2
4.01641331623,93,0,69,0,22,96,0,2
4.04674447378,93,0,69,1,22,96,0,3
4.04981740415,93,0,70,1,22,96,0,3
4.05378027816,93,0,70,0,22,95,0,3
4.06479684123,93,1,70,0,23,95,0,3
4.07145213174,93,0,70,0,22,95,0,3
4.07444168656,93,1,70,0,23,95,0,3
4.07995812216,93,0,69,0,23,95,0,3
4.09485662993,93,0,69,0,22,95,0,3
4.10474995534,93,0,69,1,22,95,0,4
4.12512725844,93,1,69,2,22,95,0,4
4.12650967001,93,0,69,2,21,95,0,4
4.12743265977,93,0,69,1,21,95,0,3
4.13145903884,93,0,69,0,21,94,0,3
4.15969648107,93,1,69,0,22,94,0,3
4.16632465491,93,0,68,0,22,94,0,3
4.17089241646,93,0,68,1,22,94,1,3
4.17094266371,93,0,68,0,22,93,1,3
4.20706423959,93,1,68,1,22,93,1,3
4.21401986854,93,1,68,0,22,92,1,3
4.21582045303,93,1,69,0,22,92,1,3
4.22198894067,93,1,69,1,22,92,1,4
4.22790231323,93,1,69,0,22,91,1,4
4.23688223524,93,0,68,0,22,91,1,4
4.23962821505,93,1,68,0,23,91,1,4
4.24212117931,93,0,67,0,23,91,1,4
4.25767693137,93,0,67,0,23,91,1,3
4.25997575,93,0,67,1,23,91,1,4
4.26077728659,93,0,67,0,23,90,1,4
4.29817661127,93,1,67,0,24,90,1,4
4.2994428163,93,1,67,1,24,90,1,5
4.30236567082,93,1,67,2,24,91,1,5
4.30388586501,93,1,67,1,24,91,1,4
4.30658327461,93,0,66,1,24,91,1,4
4.30758497241,93,1,66,1,25,91,1,4
4.31485027107,93,0,65,1,25,91,1,4
4.33024784857,93,0,65,0,25,90,1,4
4.35091313138,93,0,65,0,24,90,1,4
4.37466020713,93,0,65,1,24,90,2,4
4.37518648649,93,0,65,0,24,89,2,4
4.37621754908,93,0,65,0,24,89,2,5
4.37975921181,93,0,65,1,24,90,2,5
4.38214158883,93,0,65,1,24,90,1,5
4.38517896731,93,1,65,1,25,90,1,5
4.38520852673,93,1,65,0,25,89,1,5
4.39267760163,93,0,64,0,25,89,1,5
4.3931416213,93,1,64,0,26,89,1,5
4.39904979007,93,0,63,0,26,89,1,5
4.42808300656,93,0,63,1,26,90,1,5
4.43650287544,93,0,63,0,26,89,1,5
4.44710330178,93,1,63,0,27,89,1,5
4.46122579195,93,1,63,1,27,89,1,6
4.46150033194,93,1,63,0,27,88,1,6
4.46366523491,93,0,62,0,27,88,1,6
4.47642992807,93,0,62,1,27,89,1,6
4.49534945405,93,0,62,0,27,89,1,5
4.52509746329,93,1,62,0,28,89,1,5
4.53298766738,93,0,62,0,27,89,1,5
4.54331471306,93,0,62,0,27,89,2,5
4.58344101643,93,1,62,0,28,89,2,5
4.59242232728,93,1,62,0,28,89,2,4
4.59918526364,93,0,61,0,28,89,2,4
4.61729025775,93,0,61,1,28,89,2,5
4.61863574457,93,0,61,2,28,89,2,6
4.61892613699,93,0,61,1,28,89,2,5
4.62503880467,93,0,61,0,28,88,2,5
4.7530462789,93,1,61,0,29,88,2,5
4.75401181579,93,2,61,0,30,88,2,5
4.75534190697,93,1,60,0,30,88,2,5
4.76801808283,93,1,60,0,30,89,2,5
4.77596759839,93,0,59,0,30,89,2,5
4.77646637691,93,0,59,1,30,89,2,6
4.80581549754,93,0,59,2,30,89,2,7
4.80926197889,93,0,59,1,30,88,2,7
4.81110214759,93,0,59,0,30,87,2,7
4.81504306973,93,0,59,1,30,87,2,8
4.82233679002,93,0,59,2,30,87,2,9
4.82558358058,93,1,59,2,31,87,2,9
4.82724949568,93,1,59,1,31,86,2,9
4.82745296868,93,0,58,1,31,86,2,9
4.83919535188,93,0,58,1,31,86,2,8
4.84496714864,93,0,58,0,31,85,2,8
4.84580061323,93,1,58,0,32,85,2,8
4.85185085035,93,2,58,0,32,85,2,8
4.85227298859,93,3,58,1,32,85,2,8
4.85254514515,93,3,58,0,32,84,2,8
4.85745300323,92,3,58,0,32,84,2,8
4.86206679749,92,2,58,0,31,84,2,8
4.86483952396,92,1,57,0,31,84,2,8
4.88184229156,92,0,57,0,30,84,2,8
4.89240012333,92,1,57,1,30,84,2,8
4.89643716137,92,2,57,1,31,84,2,8
4.89961795486,92,1,56,1,31,84,2,8
4.90320723355,92,1,56,0,31,83,2,8
4.90532751763,92,0,55,0,31,83,2,8
4.91551617157,92,1,55,0,32,83,2,8
4.91970013624,92,0,55,0,31,83,2,8
4.92141587203,92,1,55,0,32,83,2,8
4.92551980586,92,2,55,0,33,83,2,8
4.92895707802,92,3,55,1,33,83,2,8
4.93102369083,92,2,54,1,33,83,2,8
4.93850886639,92,2,54,2,33,83,2,9
4.93883599126,92,1,53,2,33,83,2,9
4.95067078972,92,0,52,2,33,83,2,9
4.95242956526,92,1,52,2,34,83,2,9
4.9548694675,92,0,51,2,34,83,2,9
4.96434061098,92,0,51,1,34,82,2,9
4.96583780159,92,0,51,0,34,81,2,9
4.97702075481,92,0,51,1,34,81,2,10
4.98226672904,92,0,51,0,34,81,2,9
5.01147136172,92,0,51,1,34,81,2,10
5.01991174908,92,0,51,0,34,81,2,9
5.02179030557,92,0,51,1,34,82,2,9
5.03839520399,92,0,51,2,34,82,2,10
5.04137179345,92,0,51,2,34,83,2,10
5.04835026091,92,0,51,1,34,83,2,9
5.05073664685,92,0,51,0,34,83,2,8
5.06293118544,92,0,51,0,35,83,2,8
5.07945521194,92,0,51,1,35,84,2,8
5.08096045345,92,1,51,1,36,84,2,8
5.0818603672,92,1,51,0,36,83,2,8
5.08745533772,92,0,50,0,36,83,2,8
5.09299771166,92,0,50,0,35,83,2,8
5.09804010171,92,1,50,0,36,83,2,8
5.09811039977,92,0,49,0,36,83,2,8
5.10764121908,92,0,49,1,36,83,2,9
5.11903402524,92,0,49,0,36,82,2,9
5.16720873825,92,1,49,1,36,82,2,9
5.18486793415,92,0,49,1,35,82,2,9
5.19855338491,92,0,49,0,35,81,2,9
5.21269331658,92,0,49,1,35,81,2,10
5.22054855561,92,1,49,1,36,81,2,10
5.22099816718,92,1,49,2,36,81,2,11
5.22123749417,92,1,49,1,36,80,2,11
5.22446618884,92,1,49,0,36,79,2,11
5.22974208037,92,0,48,0,36,79,2,11
5.22999619565,92,0,48,0,36,79,2,10
5.23983767716,92,0,48,1,36,79,3,10
5.25596333785,92,0,48,0,36,78,3,10
5.26460687355,92,0,48,0,37,78,3,10
5.26583908093,92,0,48,0,36,78,3,10
5.30557777139,92,0,48,1,36,78,3,11
5.30951819921,92,0,48,2,36,79,3,11
5.3155692327,92,0,48,3,36,79,3,12
5.33082782088,92,0,48,2,36,78,3,12
5.33229054078,92,0,48,1,36,77,3,12
5.33681672898,92,0,48,2,36,77,3,13
5.33701922005,92,0,48,3,36,78,3,13
5.33918471863,92,0,48,2,36,77,3,13
5.34237236975,92,1,48,2,37,77,3,13
5.34370733193,92,1,48,1,37,76,3,13
5.3456852254,92,2,48,1,38,76,3,13
5.34870311457,92,2,48,0,38,76,3,12
5.35016414192,92,1,47,0,38,76,3,12
5.35335052767,92,0,46,0,38,76,3,12
5.3545606352,92,1,46,0,39,76,3,12
5.37961898228,92,2,46,0,40,76,3,12
5.39005274275,92,1,45,0,40,76,3,12
5.39439286737,92,0,45,0,39,76,3,12
5.39496086853,92,0,45,1,39,76,3,13
5.40187580859,92,0,45,2,39,76,3,14
5.40320561643,92,0,45,1,39,75,3,14
5.40758697194,92,0,45,2,39,75,3,15
5.41168724168,92,0,45,1,39,75,3,14
5.4155698561,92,0,45,0,39,74,3,14
5.41858183475,92,0,45,1,39,74,3,15
5.41925982727,92,0,45,0,39,73,3,15
5.45013718511,92,0,45,1,39,73,3,16
5.45431848284,92,0,45,0,39,73,3,15
5.46436723496,92,1,45,1,39,73,3,15
5.46485738434,92,2,46,1,39,73,3,15
5.47629805477,92,1,46,1,38,73,3,15
5.47700349497,92,1,46,0,38,72,3,15
5.47706045329,92,2,47,0,38,72,3,15
5.47747959954,92,1,47,0,37,72,3,15
5.48050958324,92,2,47,1,37,72,3,15
5.49385610975,92,2,47,0,37,71,3,15
5.50230398009,92,1,47,0,36,71,3,15
5.50541066352,92,0,46,0,36,71,3,15
5.51741780523,92,0,46,1,36,71,3,16
5.54079634825,92,0,46,2,36,71,3,17
5.54096752793,92,0,46,1,36,70,3,17
5.54508889818,92,0,46,0,36,69,3,17
5.54797064816,92,0,46,1,36,69,4,17
5.55160192148,92,0,46,2,36,69,4,18
5.55543783633,92,0,46,1,36,68,4,18
5.56046344773,92,0,46,2,36,68,4,19
5.56154186024,92,0,46,1,36,67,4,19
5.5651308368,92,0,46,0,36,66,4,19
5.56780689057,92,1,46,0,37,66,4,19
5.56936786167,92,1,46,1,37,66,4,20
5.57000079432,92,0,46,1,36,66,4,20
5.5701248886,92,0,46,0,36,65,4,20
5.57980458546,92,1,46,1,36,65,4,20
5.57986067357,92,1,46,0,36,64,4,20
5.58129999972,92,1,46,1,36,64,4,21
5.58235923576,92,0,46,1,35,64,4,21
5.58992394057,92,0,46,0,35,63,4,21
5.59380128857,92,0,46,0,36,63,4,21
5.59469951741,92,1,46,0,37,63,4,21
5.5965258244,92,1,46,1,37,63,4,22
5.59949113656,92,0,45,1,37,63,4,22
5.60501655678,92,0,45,0,37,62,4,22
5.61062662502,92,1,46,0,37,62,4,22
5.61505133596,92,1,46,1,37,62,4,23
5.61887226869,92,1,46,0,37,62,4,22
5.61898454379,92,0,45,0,37,62,4,22
5.62012131815,92,0,45,0,37,63,4,22
5.62728550746,92,0,45,0,37,63,4,21
5.63673354333,92,0,45,1,37,63,4,22
5.63959046226,92,0,45,0,37,62,4,22
5.64118108301,92,0,45,1,37,62,4,23
5.64159672724,92,0,45,0,37,61,4,23
5.64517946693,92,0,45,1,37,61,4,24
5.64795248384,92,0,45,0,37,61,4,23
5.65620845165,92,0,45,1,37,61,4,24
5.67815696921,92,0,45,0,37,61,4,23
5.67955382785,92,0,45,1,37,61,5,23
5.69006114368,92,0,45,0,37,60,5,23
5.70636385542,92,0,45,1,37,60,5,24
5.70966504224,92,1,45,2,37,60,5,24
5.71087162427,92,1,45,1,37,59,5,24
5.71206256149,92,1,45,2,37,59,5,25
5.71565177666,92,1,45,1,37,58,5,25
5.71685995917,92,0,44,1,37,58,5,25
5.72158043833,92,0,44,2,37,58,5,26
5.72381625129,92,0,44,1,37,57,5,26
5.72388617289,92,0,44,2,37,57,6,26
5.72493733309,92,0,44,1,37,57,6,25
5.72681752011,92,0,44,0,37,56,6,25
5.73458374202,92,0,44,1,37,56,6,26
5.74702709344,92,0,44,2,37,56,6,27
5.7475163237,92,0,44,1,37,56,6,26
5.75146502099,92,0,44,2,37,56,7,26
5.75150442085,92,0,44,3,37,56,7,27
5.75414478141,92,0,44,2,37,55,7,27
5.75902591356,92,0,44,3,37,55,8,27
5.76081254057,92,0,44,3,36,55,8,27
5.7617022909,92,0,44,2,36,54,8,27
5.76258107183,92,1,44,2,37,54,8,27
5.76260877787,92,1,44,1,37,53,8,27
5.77332419634,92,1,44,0,37,52,8,27
5.77348836816,92,1,44,1,37,52,8,28
5.77458333938,92,1,44,0,37,51,8,28
5.77631195399,92,1,44,1,37,51,8,29
5.77680502871,92,1,44,2,37,51,8,30
5.78509504093,92,1,44,1,37,51,8,29
5.78572662008,92,0,43,1,37,51,8,29
5.78620756147,92,0,43,0,37,50,8,29
5.78828312096,92,0,43,1,37,50,8,30
5.79517404798,92,0,43,2,37,50,8,31
5.82472753869,92,0,43,1,37,49,8,31
5.82973323466,92,0,43,2,37,49,8,32
5.83151719559,92,0,43,2,37,50,8,32
5.83199658995,92,0,43,3,37,50,9,32
5.83510203978,92,0,43,2,37,49,9,32
5.83690928465,92,0,43,3,37,49,9,33
5.84096940427,92,0,43,2,37,48,9,33
5.84224312155,92,0,43,1,37,47,9,33
5.85654229181,92,0,43,1,37,47,9,32
5.85710957694,92,0,43,0,37,46,9,32
5.86264940758,92,0,43,1,37,46,9,33
5.87281068717,92,0,43,0,37,46,9,32
5.87746540428,92,1,43,0,38,46,9,32
5.88201834996,92,2,43,0,39,46,9,32
5.88443901717,92,2,43,1,39,46,10,32
5.88453376424,92,2,43,0,39,46,10,31
5.88484529789,92,2,43,1,39,46,10,32
5.88566361215,92,2,43,0,39,45,10,32
5.88577573049,92,1,43,0,38,45,10,32
5.89054894679,92,1,43,1,38,45,10,33
5.89176378227,92,1,43,2,38,45,10,34
5.89235804164,92,1,43,3,38,45,10,35
5.89702494326,92,1,43,2,38,44,10,35
5.89903081332,92,1,43,1,38,44,10,34
5.90356738816,92,1,43,0,38,44,10,33
5.90459294519,92,0,42,0,38,44,10,33
5.90756164429,92,1,42,1,38,44,10,33
5.9175310592,92,0,41,1,38,44,10,33
5.91838994068,92,0,41,0,38,43,10,33
5.92655670037,92,0,41,1,38,43,11,33
5.92847430854,92,0,41,2,38,43,12,33
5.9294690068,92,0,41,1,38,42,12,33
5.93101452008,92,0,41,0,38,41,12,33
5.93713852854,92,0,41,1,38,41,12,34
5.94316977254,92,0,41,0,38,41,12,33
5.95442508528,92,1,41,1,38,41,12,33
5.95477264798,92,2,42,1,38,41,12,33
5.95498840617,92,2,42,0,38,40,12,33
5.9568494309,92,1,42,0,37,40,12,33
5.96473357372,92,0,41,0,37,40,12,33
5.97491160488,92,0,41,1,37,41,12,33
5.97803371883,92,0,41,0,37,40,12,33
5.97926961804,92,0,41,1,37,40,12,34
5.99359901301,92,0,41,2,37,40,13,34
5.99709837516,92,0,41,1,37,40,13,33
6.00338121625,92,1,41,2,37,40,13,33
6.00388786602,92,0,40,2,37,40,13,33
6.00777678576,92,0,40,1,37,39,13,33
6.01304182458,92,0,40,0,37,38,13,33
6.01879341402,92,1,40,0,38,38,13,33
6.02188397969,92,1,40,1,38,39,13,33
6.02844894834,92,1,40,2,38,39,13,34
6.03085124944,92,1,40,3,38,40,13,34
6.03096728404,92,1,40,4,38,40,13,35
6.03879492897,92,1,40,3,38,39,13,35
6.04499635213,92,1,40,2,38,38,13,35
6.04502691649,92,1,40,1,38,37,13,35
6.04596538085,92,1,40,2,38,37,13,36
6.04790995346,92,1,40,3,38,37,13,37
6.04817573143,92,1,40,2,38,37,13,36
6.05943678791,92,1,40,1,38,37,13,35
6.07407535386,92,0,40,1,37,37,13,35
6.08737901884,92,0,40,0,37,36,13,35
6.09039476563,92,0,40,1,37,36,13,36
6.093405403,92,0,40,0,37,36,13,35
6.09471629821,92,1,40,0,38,36,13,35
6.09765054314,92,0,39,0,38,36,13,35
6.10231550523,92,0,39,1,38,36,14,35
6.10398142248,92,0,39,2,38,36,14,36
6.10784600139,92,0,39,1,38,35,14,36
6.1146038538,92,1,39,2,38,35,14,36
6.11471510951,92,1,39,3,38,35,15,36
6.11558720451,92,1,39,4,38,35,15,37
6.11684553923,92,1,39,3,38,35,15,36
6.11769780205,92,1,39,4,38,35,15,37
6.11840275908,92,1,39,3,38,34,15,37
6.12211481616,92,1,39,2,38,33,15,37
6.12663649003,92,0,39,2,37,33,15,37
6.1281117361,92,0,39,3,37,33,15,38
6.13037376101,92,0,39,4,37,33,15,39
6.13327498338,92,0,39,3,37,32,15,39
6.13351608517,92,0,39,2,37,31,15,39
6.13662208654,92,0,39,3,37,31,15,40
6.13667171649,92,0,39,2,37,31,15,39
6.13674637962,92,0,39,1,37,31,15,38
6.13678108358,92,0,39,0,37,30,15,38
6.13924347259,92,0,39,1,37,30,16,38
6.13964593345,92,0,39,0,37,30,16,37
6.15435820563,92,0,39,1,37,30,16,38
6.16026726662,92,1,39,2,37,30,16,38
6.16319118454,92,1,39,1,37,30,16,37
6.16815785888,92,1,39,2,37,30,16,38
6.16963369625,92,0,39,2,36,30,16,38
6.16977210196,92,0,39,3,36,30,17,38
6.17485835155,92,0,39,4,36,30,18,38
6.17522119937,92,0,39,3,36,29,18,38
6.17963871357,92,1,39,3,37,29,18,38
6.18476346404,92,0,38,3,37,29,18,38
6.19192314404,92,0,38,2,37,29,18,37
6.19918816534,92,0,38,1,37,29,18,36
6.20317061793,92,0,38,2,37,29,18,37
6.20896754945,92,0,38,3,37,29,18,38
6.21224657733,92,0,38,4,37,29,19,38
6.21754678154,92,0,38,3,37,29,19,37
6.22596635028,92,0,38,2,37,28,19,37
6.23384773819,92,0,38,1,37,27,19,37
6.2339441758,92,0,38,0,37,27,19,36
6.23710460474,92,0,38,1,37,28,19,36
6.23825805874,92,0,38,2,37,28,19,37
6.2384430895,92,0,38,1,37,28,19,36
6.2393855954,92,0,38,0,37,27,19,36
6.24416955541,92,0,38,1,37,27,20,36
6.24465819931,92,0,38,2,37,27,21,36
6.2453765586,92,0,38,3,37,27,22,36
6.24622915565,92,0,38,2,37,27,22,35
6.24744837864,92,0,38,3,37,27,22,36
6.25027270844,92,0,38,4,37,27,23,36
6.25030651558,92,0,38,5,37,27,24,36
6.25388052039,92,0,38,6,37,27,25,36
6.259326627,92,0,38,5,37,26,25,36
6.2629211906,92,0,38,4,37,26,25,35
6.27119367448,92,0,38,3,37,26,25,34
6.27288457222,92,0,38,2,37,26,25,33
6.27950321584,92,0,38,3,37,26,25,34
6.28111383437,92,0,38,4,37,26,26,34
6.28205141777,92,0,38,3,37,25,26,34
6.2844456919,92,0,38,2,37,25,26,33
6.28570576531,92,0,38,1,37,24,26,33
6.29134266977,92,0,38,0,37,24,26,32
6.30504534289,92,0,39,0,37,24,26,32
6.30685726382,92,0,39,1,37,24,27,32
6.30814962388,92,0,39,2,37,24,27,33
6.30887204452,92,0,39,3,37,24,28,33
6.3113429821,92,0,39,2,37,24,28,32
6.31709516149,92,0,39,3,37,24,29,32
6.31903029333,92,1,39,3,38,24,29,32
6.31989697865,92,1,39,4,38,24,30,32
6.32071003556,92,1,39,3,38,24,30,31
6.32551055392,92,1,39,2,38,24,30,30
6.3272224766,92,0,39,2,37,24,30,30
6.32817954554,92,0,39,3,37,24,31,30
6.32892200892,92,0,39,2,37,24,31,29
6.3309173198,92,0,39,1,37,23,31,29
6.332733473,92,0,39,1,36,23,31,29
6.33769276131,92,0,39,2,36,23,32,29
6.3441424146,92,0,39,3,36,23,33,29
6.34794580683,92,0,39,2,36,23,33,28
6.34938988554,92,1,39,3,36,23,33,28
6.34980780701,92,1,39,2,36,23,33,27
6.35046305132,92,0,38,2,36,23,33,27
6.35089266114,92,0,38,1,36,22,33,27
6.3525071336,92,0,38,2,36,22,34,27
6.35627033939,92,0,38,3,36,22,34,28
6.35877199021,92,0,38,2,36,21,34,28
6.36189499736,92,0,38,1,36,21,34,27
6.36991759125,92,0,38,0,36,21,34,26
6.37155662979,92,0,38,1,36,21,35,26
6.37246318652,92,0,38,2,36,21,35,27
6.37285396384,92,0,38,1,36,21,35,26
6.37360492326,92,0,38,2,36,21,36,26
6.37439999118,92,0,38,1,36,20,36,26
6.37560502873,92,0,38,2,36,20,36,27
6.37900318465,92,0,38,3,36,21,36,27
6.38343074792,92,0,38,4,36,21,36,28
6.38563087809,92,0,38,3,36,20,36,28
6.38910131119,92,0,38,4,36,20,36,29
6.39830983487,92,0,38,3,36,20,36,28
6.39834312372,92,0,38,4,36,20,37,28
6.39869039714,92,0,38,5,36,20,38,28
6.40051642985,92,0,38,4,36,19,38,28
6.40155022469,92,0,38,5,36,19,38,29
6.40506748476,92,0,38,4,36,18,38,29
6.40788465836,92,0,38,5,36,19,38,29
6.4087338332,92,0,38,6,36,19,38,30
6.40997459656,92,0,38,5,36,19,38,29
6.41092492471,92,0,38,4,36,19,38,28
6.41887427961,92,0,38,3,36,18,38,28
6.42051323952,92,0,38,2,36,18,38,27
6.4247310802,92,0,38,3,36,18,38,28
6.42617560516,92,0,38,4,36,18,39,28
6.42781638559,92,0,38,5,36,18,39,29
6.4288666715,92,0,38,6,36,18,40,29
6.42955906341,92,0,38,5,36,17,40,29
6.43102100058,92,0,38,6,36,17,40,30
6.43927687082,92,0,38,5,36,16,40,30
6.44260296638,92,0,38,6,36,16,40,31
6.44555474928,92,0,38,5,36,16,40,30
6.44602175632,92,0,38,4,36,16,40,29
6.45043900088,92,1,38,5,36,16,40,29
6.4523234698,92,1,38,6,36,16,40,30
6.45318540531,92,1,38,5,36,16,40,29
6.45355806016,92,1,38,6,36,16,40,30
6.45396169821,92,1,38,5,36,16,40,29
6.45461697186,92,1,38,4,36,15,40,29
6.46077307431,92,1,38,5,36,15,40,30
6.46150608147,92,1,38,6,36,15,41,30
6.46335583872,92,1,38,7,36,15,42,30
6.47068805967,92,1,38,6,36,15,42,29
6.47133866122,92,1,38,5,36,15,42,28
6.4766976412,92,1,38,5,37,15,42,28
6.48128297773,92,1,38,5,36,15,42,28
6.48218524307,92,1,38,4,36,15,42,27
6.48229589468,92,1,38,3,36,14,42,27
6.49518393806,92,0,37,3,36,14,42,27
6.49582502524,92,0,37,2,36,14,42,26
6.50094461511,92,0,37,3,36,14,43,26
6.50480940403,92,1,38,3,36,14,43,26
6.51408300888,92,1,38,4,36,14,44,26
6.5171548162,92,1,38,3,36,14,44,25
6.52351479748,92,1,38,2,36,13,44,25
6.52376996704,92,0,37,2,36,13,44,25
6.52379028866,92,0,37,3,36,13,45,25
6.52697053279,92,0,37,2,36,13,45,24
6.53282237088,92,0,37,3,36,13,46,24
6.53381151533,92,0,37,2,36,13,46,23
6.54445419009,92,0,37,3,36,13,47,23
6.5466267769,92,1,37,3,37,13,47,23
6.54967412417,92,0,37,3,36,13,47,23
6.55278911467,92,1,37,4,36,13,47,23
6.55327203381,92,1,37,3,36,13,47,22
6.55580447397,92,1,37,4,36,13,48,22
6.55647266845,92,1,37,3,36,13,48,21
6.55870086307,92,0,36,3,36,13,48,21
6.56268467888,92,0,36,2,36,13,48,20
6.5662332891,92,0,36,1,36,13,48,19
6.56768805079,92,0,36,2,36,13,49,19
6.57350132403,92,0,36,3,36,13,49,20
6.57520975866,92,0,36,4,36,13,50,20
6.57689259162,92,0,36,3,36,12,50,20
6.58308625072,92,0,36,4,36,12,51,20
6.58521320388,92,0,36,5,36,12,51,21
6.58689301769,92,0,37,5,36,12,51,21
6.5892225823,92,0,37,6,36,12,52,21
6.58995379198,92,0,37,5,36,11,52,21
6.59197100858,92,0,37,5,35,11,52,21
6.59464128417,92,0,37,6,35,11,53,21
6.59570220862,92,0,37,5,35,11,53,20
6.5980305178,92,0,37,6,35,11,54,20
6.60339727514,92,0,37,7,35,11,55,20
6.6047385316,92,0,37,6,35,11,55,19
6.60667725299,92,0,37,5,35,10,55,19
6.60891005915,92,0,37,4,35,10,55,18
6.61096924055,92,0,37,3,35,9,55,18
6.6156737309,92,0,37,4,35,9,55,19
6.61894477325,92,0,37,3,35,8,55,19
6.62004396791,92,1,37,4,35,8,55,19
6.62235457958,92,1,37,5,35,8,56,19
6.622446175,92,1,37,6,35,8,57,19
6.6229500014,92,1,37,5,35,8,57,18
6.62891938162,92,1,37,6,35,8,57,19
6.63184286971,92,1,37,5,35,8,57,18
6.63474356854,92,1,37,6,35,8,58,18
6.64126445275,92,0,37,6,34,8,58,18
6.6432815204,92,0,37,5,34,8,58,17
6.66496632925,92,0,37,4,34,8,58,16
6.66876139709,92,0,37,5,34,8,58,17
6.67176866309,92,0,37,4,34,8,58,16
6.68247229027,92,0,37,5,34,8,58,17
6.68926697588,92,0,37,6,34,8,58,18
6.69281581988,92,0,37,7,34,8,59,18
6.69338357249,92,0,37,6,34,7,59,18
6.69440909422,92,0,37,5,34,7,59,17
6.69873924212,92,0,37,6,34,7,60,17
6.69935659304,92,0,37,7,34,7,61,17
6.7012433997,92,0,37,6,34,6,61,17
6.70176682523,92,0,37,7,34,6,61,18
6.70647099435,92,1,37,7,35,6,61,18
6.70859868782,92,0,36,7,35,6,61,18
6.71701005229,92,0,37,7,35,6,61,18
6.71834262792,92,0,37,8,35,6,62,18
6.72770238811,92,0,37,7,35,6,62,17
6.73413854458,92,0,37,7,34,6,62,17
6.73482917633,92,0,37,6,34,5,62,17
6.73648508483,92,0,37,5,34,5,62,16
6.73745744493,92,0,37,6,34,5,62,17
6.74304272509,92,0,37,7,34,5,63,17
6.74626767518,92,0,37,6,34,5,63,16
6.74655603437,92,0,37,7,34,5,63,17
6.75074586769,92,0,37,6,34,5,63,16
6.75228391142,92,0,37,7,34,5,64,16
6.75458566408,92,0,37,8,34,5,64,17
6.7589773257,92,0,37,9,34,5,65,17
6.75919123665,92,0,37,8,34,5,65,16
6.76220512422,92,1,37,8,35,5,65,16
6.76244821692,92,1,37,9,35,5,66,16
6.7674352244,92,1,37,8,35,5,66,15
6.76746082902,92,1,37,7,35,5,66,14
6.76944372688,92,1,37,6,35,5,66,13
6.77448893278,92,1,37,7,35,5,67,13
6.77471264066,92,1,37,8,35,5,68,13
6.77646063957,92,1,37,7,35,4,68,13
6.77680751517,92,0,36,7,35,4,68,13
6.78605630438,92,1,36,7,36,4,68,13
6.78844920523,92,1,36,6,36,3,68,13
6.78877557761,93,1,36,6,36,3,68,13
6.78877796033,93,1,36,5,36,3,68,12
6.79017136561,92,1,36,5,36,3,68,12
6.79284540625,92,1,36,6,36,3,69,12
6.7946848588,92,0,35,6,36,3,69,12
6.7987450989,92,0,35,7,36,3,70,12
6.80279674677,92,0,35,8,36,3,71,12
6.80732366336,92,0,35,9,36,3,71,13
6.80800538441,92,0,35,8,36,2,71,13
6.80875413544,92,0,35,7,36,1,71,13
6.81859350339,92,1,36,7,36,1,71,13
6.82050880255,92,1,36,6,36,1,71,12
6.82232469677,92,1,36,7,36,2,71,12
6.82454954482,92,1,36,8,36,2,72,12
6.82510636438,92,1,36,7,36,2,72,11
6.82556079052,92,1,36,6,36,2,72,10
6.8284863587,92,1,36,7,36,2,73,10
6.82857607192,92,1,36,8,36,2,73,11
6.82978290517,92,1,36,9,36,2,74,11
6.83695733503,92,2,36,9,37,2,74,11
6.83892444934,92,1,36,9,36,2,74,11
6.83942587811,92,0,35,9,36,2,74,11
6.84175173067,92,0,35,8,36,2,74,10
6.84283054171,92,0,35,7,36,2,74,9
6.84778784481,92,0,35,6,36,2,74,8
6.8569438776,92,1,35,7,36,2,74,8
6.86332843794,92,2,36,7,36,2,74,8
6.86404081021,92,2,36,8,36,2,75,8
6.86545983017,92,1,36,8,35,2,75,8
6.86615207324,92,1,36,9,35,2,75,9
6.86798074113,92,1,36,8,35,2,75,8
6.86809943722,92,1,36,7,35,2,75,7
6.87134783371,92,1,36,8,35,2,76,7
6.87534202366,92,1,36,9,35,2,77,7
6.8825436562,92,1,36,10,35,2,77,8
6.88271988496,92,2,36,11,35,2,77,8
6.88404610932,92,2,36,10,35,1,77,8
6.88541586461,92,2,36,11,35,1,77,9
6.89381894526,92,2,36,12,35,1,78,9
6.89546469107,92,1,35,12,35,1,78,9
6.90010447872,92,1,35,13,35,1,79,9
6.9019087632,92,1,35,12,35,1,79,8
6.92050700833,92,1,35,11,35,1,79,7
6.92201333916,92,1,35,10,35,1,79,6
6.92459190569,92,0,35,10,34,1,79,6
6.92461058937,92,0,35,11,34,1,80,6
6.92641629007,92,0,35,10,34,1,80,5
6.92776713825,92,1,35,11,34,1,80,5
6.92838177601,92,1,35,12,34,1,80,6
6.92838391803,92,1,35,13,34,1,81,6
6.92967322623,92,1,35,12,34,1,81,5
6.92972529934,92,1,35,11,34,0,81,5
6.93976709018,92,1,35,12,34,0,82,5
6.94004388233,92,1,35,12,34,1,82,5
6.94037875805,92,1,35,11,34,1,82,4
6.94066857205,92,2,35,12,34,1,82,4
6.94073413511,92,2,35,11,34,1,82,3
6.94141503334,92,2,35,11,34,1,81,3
6.94510196403,92,1,34,11,34,1,81,3
6.94929082132,92,1,34,12,34,1,82,3
6.9526965148,92,1,34,13,34,1,82,4
6.95371658705,92,1,34,12,34,1,82,3
6.9540895357,92,1,34,13,34,1,83,3
6.95453309912,92,1,34,12,34,1,83,2
6.96350166385,92,2,34,12,35,1,83,2
6.96513167596,92,2,34,13,35,1,84,2
6.96523540223,92,1,33,13,35,1,84,2
6.97137276544,92,1,33,14,35,1,85,2
6.97291618092,92,1,33,15,35,1,86,2
6.97433124262,92,0,32,15,35,1,86,2
6.97954398191,92,0,32,14,35,0,86,2
6.98848126482,92,0,32,13,35,0,86,1
6.99040373222,92,0,32,14,35,0,87,1
6.99095798368,92,1,32,14,36,0,87,1
6.99758342998,92,1,32,15,36,0,87,2
6.99924533503,92,2,32,15,37,0,87,2
7.0040314648,92,1,31,15,37,0,87,2
7.01882931254,92,1,31,16,37,0,88,2
7.01974129367,92,1,31,15,37,0,88,1
7.01992616693,92,0,31,15,36,0,88,1
7.03514198961,92,0,31,16,36,0,89,1
7.04705731463,92,0,31,17,36,0,90,1
7.05411507713,92,1,31,17,37,0,90,1
7.05567086765,92,1,31,18,37,0,91,1
7.05597560461,92,0,30,18,37,0,91,1
7.06470071849,92,0,30,19,37,0,92,1
7.07536342978,92,0,30,20,37,0,92,2
7.07644512946,92,0,30,21,37,0,92,3
7.07976240797,92,0,30,20,37,0,92,2
7.09965763103,92,1,31,20,37,0,92,2
7.10007872783,92,0,30,20,37,0,92,2
7.10227822907,92,0,30,19,37,0,92,1
7.10662752073,92,0,30,18,37,0,92,0
7.12051533399,92,1,30,18,38,0,92,0
7.12168004226,92,1,30,19,38,0,92,1
7.12785219201,92,0,29,19,38,0,92,1
7.13371266118,92,0,29,20,38,0,93,1
7.15348935419,92,1,30,20,38,0,93,1
7.15372511935,92,2,30,20,39,0,93,1
7.15600839206,92,1,30,20,38,0,93,1
7.15645252319,92,0,29,20,38,0,93,1
7.17443382385,92,1,30,20,38,0,93,1
7.1768496627,92,1,30,19,38,0,93,0
7.17963032644,92,0,29,19,38,0,93,0
7.19081481341,92,0,29,19,38,0,94,0
7.19742126791,92,0,29,20,38,0,94,1
7.20400200476,92,0,29,21,38,0,94,2
7.20502606347,92,0,29,21,38,0,93,2
7.20662557808,92,1,29,21,39,0,93,2
7.2144464409,92,2,29,22,39,0,93,2
7.21531865402,92,2,29,23,39,0,94,2
7.21597478361,92,1,29,23,38,0,94,2
7.22727247685,92,1,29,22,38,0,94,1
7.23703825517,92,0,28,22,38,0,94,1
7.24161605473,92,0,28,21,38,0,94,0
7.24599275351,92,0,28,22,38,0,95,0
7.27963727526,92,0,28,22,38,0,95,1
7.283860394,92,0,28,22,38,0,94,1
7.28411084128,92,0,28,21,38,0,94,0
7.29904840187,92,1,28,22,38,0,94,0
7.30201338678,92,0,28,22,37,0,94,0
7.32244001609,92,1,28,23,37,0,94,0
7.3232817702,92,0,28,23,36,0,94,0
7.33052566354,92,0,28,24,36,0,95,0
7.34654436252,92,1,28,24,37,0,95,0
7.3604526042,92,0,28,24,36,0,95,0
7.38703258705,92,1,28,24,37,0,95,0
7.41220811056,92,2,28,24,37,0,95,0
7.41346840306,91,2,28,24,37,0,95,0
7.41493951335,91,1,27,24,37,0,95,0
7.42561013059,91,1,27,25,37,0,96,0
7.43289442735,91,1,27,26,37,0,97,0
7.45293972116,91,2,27,27,37,0,97,0
7.45708724491,91,1,27,27,36,0,97,0
7.46019160217,91,0,26,27,36,0,97,0
7.46219278945,91,1,26,27,37,0,97,0
7.46624287991,91,0,26,27,36,0,97,0
7.48837045478,91,0,26,28,36,0,98,0
7.51042727528,91,1,26,29,36,0,98,0
7.51238411738,91,2,26,30,36,0,98,0
7.51375922723,91,1,26,30,35,0,98,0
7.51862803179,91,2,26,31,35,0,98,0
7.52147233603,91,1,26,31,34,0,98,0
7.5276310966,91,0,26,31,33,0,98,0
7.57977295637,91,1,26,32,33,0,98,0
7.60031140326,91,1,26,32,34,0,98,0
7.60823427918,91,0,26,32,33,0,98,0
7.61341970244,91,1,27,32,33,0,98,0
7.6177686774,91,0,27,32,32,0,98,0
7.63123767891,91,0,27,32,31,0,98,0
7.64915037141,91,1,27,33,31,0,98,0
7.67265329848,91,2,27,34,31,0,98,0
7.6757993694,91,1,26,34,31,0,98,0
7.6778705202,91,0,26,34,30,0,98,0
7.72304952947,91,1,26,35,30,0,98,0
7.74546282275,91,2,26,36,30,0,98,0
7.74947331753,91,1,26,36,29,0,98,0
7.74975046841,91,0,25,36,29,0,98,0
7.83982315662,91,1,25,36,30,0,98,0
7.84913686211,91,0,25,36,29,0,98,0
7.8877630649,91,1,25,37,29,0,98,0
7.8930191385,91,2,25,37,30,0,98,0
7.90499944537,91,1,24,37,30,0,98,0
7.91571068311,91,2,24,38,30,0,98,0
7.92288654005,91,1,24,38,29,0,98,0
7.94804949472,91,0,23,38,29,0,98,0
7.9487823317,91,1,23,38,30,0,98,0
7.9510021859,91,0,23,38,29,0,98,0
7.9696126785,91,1,23,38,30,0,98,0
7.97166995248,91,0,22,38,30,0,98,0
8.04784738617,91,1,22,39,30,0,98,0
8.05692754318,91,0,22,39,29,0,98,0
8.05963279856,91,1,22,40,29,0,98,0
8.05987661956,91,0,22,40,28,0,98,0
8.06528345194,91,1,22,40,29,0,98,0
8.06587004568,91,0,21,40,29,0,98,0
8.08392121017,91,1,21,40,30,0,98,0
8.0839679369,91,0,20,40,30,0,98,0
8.11368051849,91,1,20,41,30,0,98,0
8.11429094967,91,0,20,41,29,0,98,0
8.12316160684,91,0,20,42,29,0,99,0
8.12854730662,91,1,20,42,30,0,99,0
8.14808256485,91,0,19,42,30,0,99,0
8.16744032737,91,1,19,42,31,0,99,0
8.18315939103,91,0,19,42,30,0,99,0
8.20539159485,91,1,19,43,30,0,99,0
8.2088380771,91,0,18,43,30,0,99,0
8.21018015858,91,1,18,43,31,0,99,0
8.23523560055,91,0,18,43,30,0,99,0
8.24896670564,91,0,19,43,30,0,99,0
8.27291185273,91,0,19,42,30,0,99,0
8.27499413225,91,1,19,42,31,0,99,0
8.27547098809,91,1,19,42,32,0,99,0
8.28188445167,91,0,18,42,32,0,99,0
8.29090391139,91,0,18,42,31,0,99,0
8.29277260829,91,0,18,42,31,0,100,0
8.29564034681,91,0,18,42,31,0,99,0
8.31493951571,91,1,18,42,32,0,99,0
8.31995183539,91,0,17,42,32,0,99,0
8.5019597673,91,1,17,42,33,0,99,0
8.50367959599,91,2,17,42,34,0,99,0
8.51720333691,91,1,16,42,34,0,99,0
8.52096524753,91,0,16,42,33,0,99,0
8.57872975852,91,1,16,43,33,0,99,0
8.58314774287,91,0,16,43,32,0,99,0
8.61957088138,91,1,16,44,32,0,99,0
8.62154791838,91,0,16,44,31,0,99,0
8.6523634071,91,1,16,45,31,0,99,0
8.67820388719,91,2,16,46,31,0,99,0
8.68215468324,91,1,16,46,30,0,99,0
8.7021821389,91,0,15,46,30,0,99,0
8.70458701294,91,1,15,46,31,0,99,0
8.73833768562,91,2,15,47,31,0,99,0
8.74123166972,91,1,14,47,31,0,99,0
8.74718769072,91,0,13,47,31,0,99,0
8.76094519174,91,0,14,47,31,0,99,0
8.76474488105,91,0,14,46,31,0,99,0
8.78922078919,91,1,15,46,31,0,99,0
8.81180981352,91,0,15,46,30,0,99,0
8.81691804308,91,1,15,46,31,0,99,0
8.84994730437,91,0,14,46,31,0,99,0
8.85776644248,91,1,14,46,32,0,99,0
8.86511472319,91,0,14,46,31,0,99,0
8.89911010649,91,1,14,46,32,0,99,0
8.90124468558,91,0,14,46,31,0,99,0
8.93698816223,91,1,14,46,32,0,99,0
8.95046086342,91,0,13,46,32,0,99,0
8.97395233414,91,1,13,46,33,0,99,0
8.9919331878,91,0,12,46,33,0,99,0
8.99518156675,91,1,12,47,33,0,99,0
9.00304221896,91,0,12,47,32,0,99,0
9.01828976052,91,0,12,48,32,0,99,0
9.02708135048,91,0,12,48,31,0,99,0
9.12428028168,91,1,12,48,32,0,99,0
9.1257524753,91,0,12,48,31,0,99,0
9.19178017988,91,1,12,49,31,0,99,0
9.19787623293,91,2,12,50,31,0,99,0
9.19913813556,91,1,12,50,30,0,99,0
9.24813133729,91,0,11,50,30,0,99,0
9.27186862858,91,1,11,51,30,0,99,0
9.28685769484,91,0,10,51,30,0,99,0
9.37981706867,91,1,10,52,30,0,99,0
9.41264112839,91,0,10,52,29,0,99,0
9.41331633358,91,1,10,53,29,0,99,0
9.4184917787,91,0,10,53,28,0,99,0
9.46277481425,91,1,10,54,28,0,99,0
9.50013285937,91,0,10,54,27,0,99,0
9.52022235031,91,0,10,54,28,0,99,0
9.53446107583,91,1,10,55,28,0,99,0
9.56800571901,91,0,10,55,27,0,99,0
9.57093262207,91,0,10,54,27,0,99,0
9.61016044116,91,1,10,54,28,0,99,0
9.61651714823,91,0,9,54,28,0,99,0
9.63566403148,91,1,9,55,28,0,99,0
9.64969013798,91,0,9,55,27,0,99,0
9.68950701847,91,1,9,55,28,0,99,0
9.69654768066,91,0,9,55,27,0,99,0
9.71498829302,91,1,9,56,27,0,99,0
9.71531140648,91,2,9,57,27,0,99,0
9.73542507208,91,1,9,57,26,0,99,0
9.74897220092,91,2,9,57,27,0,99,0
9.75348141028,91,1,9,57,26,0,99,0
9.7561744059,91,0,9,57,25,0,99,0
9.76802174078,92,0,9,57,25,0,99,0
9.77524463824,92,1,9,58,25,0,99,0
9.778640472,91,1,9,58,25,0,99,0
9.80950620979,91,2,9,58,25,0,99,0
9.80959538442,91,1,8,58,25,0,99,0
9.82214086022,90,1,8,58,25,0,99,0
9.85531413616,90,0,8,58,24,0,99,0
9.86781897031,90,1,8,59,24,0,99,0
9.87413628319,90,2,8,60,24,0,99,0
9.88636845977,90,1,8,60,24,0,99,0
9.90025300988,90,2,8,61,24,0,99,0
9.90043664123,90,2,8,61,25,0,99,0
9.91045277128,90,3,8,62,25,0,99,0
9.91607634633,90,3,8,61,25,0,99,0
9.94425868312,90,2,8,61,24,0,99,0
9.94900023912,90,1,8,61,23,0,99,0
9.95227780368,90,2,8,61,24,0,99,0
9.96163746947,90,3,8,61,25,0,99,0
9.96579389343,90,2,8,61,24,0,99,0
9.97731396957,90,1,8,61,23,0,99,0
9.99869895175,90,2,8,62,23,0,99,0
10.0017026095,90,1,8,62,22,0,99,0
10.0223617224,90,2,8,63,22,0,99,0
10.0225246535,90,1,8,63,21,0,99,0
10.0322775884,90,0,8,63,20,0,99,0
10.0407878134,90,1,8,64,20,0,99,0
10.0432915499,90,2,8,65,20,0,99,0
10.0757254645,90,1,8,65,19,0,99,0
10.1077849156,90,2,8,66,19,0,99,0
10.1314640791,90,1,8,66,18,0,99,0
10.1370163238,90,2,8,67,18,0,99,0
10.1433135954,90,1,8,67,17,0,99,0
10.1451539782,90,2,8,68,17,0,99,0
10.1660340742,91,2,8,68,17,0,99,0
10.1726756567,90,2,8,68,17,0,99,0
10.1810651835,90,1,8,68,16,0,99,0
10.1967048913,90,2,8,69,16,0,99,0
10.1983881775,90,2,8,70,16,0,99,0
10.1996712992,90,2,8,70,15,0,99,0
10.2198808203,90,1,8,70,14,0,99,0
10.2212192196,90,0,7,70,14,0,99,0
10.2951513302,90,1,7,71,14,0,99,0
10.2993322199,90,0,6,71,14,0,99,0
10.3169658311,90,1,6,71,15,0,99,0
10.3617913665,90,1,7,71,15,0,99,0
10.3619078449,90,1,7,70,15,0,99,0
10.4031975741,90,2,7,70,16,0,99,0
10.4054562269,90,3,7,70,17,0,99,0
10.4145363831,90,2,7,70,16,0,99,0
10.4146882169,90,1,7,70,15,0,99,0
10.4316788633,90,2,7,71,15,0,99,0
10.4420030096,90,1,6,71,15,0,99,0
10.4554260482,90,0,5,71,15,0,99,0
10.4716553285,90,1,5,72,15,0,99,0
10.4746578017,90,2,5,73,15,0,99,0
10.4865030567,90,3,5,74,15,0,99,0
10.4917683566,90,2,5,74,14,0,99,0
10.5014715958,90,1,4,74,14,0,99,0
10.5019652291,90,0,4,74,13,0,99,0
10.5142040216,90,1,4,74,14,0,99,0
10.5215596134,90,2,4,75,14,0,99,0
10.5230762726,90,3,4,75,15,0,99,0
10.5264972408,90,4,4,76,15,0,99,0
10.5314043653,90,3,3,76,15,0,99,0
10.5635887808,90,2,3,76,14,0,99,0
10.5684211409,90,1,3,76,13,0,99,0
10.6100138894,90,0,3,76,12,0,99,0
10.6216690417,90,1,3,77,12,0,99,0
10.6367980193,90,2,3,78,12,0,99,0
10.6485924267,90,1,3,78,11,0,99,0
10.6582020607,90,2,3,79,11,0,99,0
10.658315264,90,3,3,79,11,0,99,0
10.6596386176,90,2,3,79,10,0,99,0
10.6628471711,89,2,3,79,10,0,99,0
10.6640752251,89,3,3,80,10,0,99,0
10.7171077822,89,2,3,80,9,0,99,0
10.7398128194,89,1,3,80,8,0,99,0
10.7404450763,89,0,3,80,7,0,99,0
10.7651119493,89,0,3,80,8,0,99,0
10.7676462122,89,0,3,79,8,0,99,0
10.76769708,89,1,3,80,8,0,99,0
10.7707449971,89,2,3,81,8,0,99,0
10.7869841084,89,3,3,82,8,0,99,0
10.7877975208,89,4,3,83,8,0,99,0
10.7991875183,89,3,2,83,8,0,99,0
10.8047297707,89,2,2,83,7,0,99,0
10.8079546807,89,3,2,84,7,0,99,0
10.8195111599,89,4,2,85,7,0,99,0
10.8231075437,90,4,2,85,7,0,99,0
10.8277972076,89,4,2,85,7,0,99,0
10.8469277726,89,4,2,85,7,0,100,0
10.8580349319,89,4,2,85,7,0,99,0
10.8640294916,89,3,2,85,6,0,99,0
10.877064077,89,2,2,85,5,0,99,0
10.9395530054,89,3,2,86,5,0,99,0
10.9502718253,89,4,2,87,5,0,99,0
10.9657478274,89,5,3,87,5,0,99,0
10.9995205144,89,5,3,87,6,0,99,0
11.0070961973,89,4,3,87,5,0,99,0
11.0162636932,89,4,3,87,4,0,99,0
11.0357568422,89,3,2,87,4,0,99,0
11.0624285377,89,4,2,87,5,0,99,0
11.0633395828,89,3,1,87,5,0,99,0
11.0752930971,89,4,2,87,5,0,99,0
11.1002813675,89,3,1,87,5,0,99,0
11.1125880372,89,4,1,87,6,0,99,0
11.1168224938,90,4,1,87,6,0,99,0
11.1188136775,90,3,0,87,6,0,99,0
11.1269748405,90,2,0,87,5,0,99,0
11.1275848076,90,3,0,87,6,0,99,0
11.1398795825,90,4,0,87,7,0,99,0
11.1407677292,90,5,0,87,8,0,99,0
11.1568829318,90,4,0,87,7,0,99,0
11.1683529102,90,5,0,88,7,0,99,0
11.1803233484,90,4,0,88,6,0,99,0
11.1905953956,90,5,0,88,7,0,99,0
11.1923332019,90,4,0,88,6,0,99,0
11.1963977951,90,3,0,88,5,0,99,0
11.2031401545,90,4,0,89,5,0,99,0
11.2035217697,91,4,0,89,5,0,99,0
11.2120152346,90,4,0,89,5,0,99,0
11.2238398403,90,5,0,90,5,0,99,0
11.2511306021,90,4,0,90,4,0,99,0
11.2764504263,90,5,0,90,5,0,99,0
11.3087823425,91,5,0,90,5,0,99,0
11.3281669073,91,4,0,90,4,0,99,0
11.3284216681,91,3,0,90,4,0,99,0
11.3349644489,90,3,0,90,4,0,99,0
11.3664836185,91,3,0,90,4,0,99,0
11.3671254419,91,4,0,91,4,0,99,0
11.380282132,91,5,0,92,4,0,99,0
11.4074736022,91,4,0,92,3,0,99,0
11.4792176809,91,3,0,92,2,0,99,0
11.4891730908,91,4,0,92,2,0,99,0
11.5085574251,90,4,0,92,2,0,99,0
11.5344526602,90,5,0,93,2,0,99,0
11.5358471074,90,6,0,94,2,0,99,0
11.5451886112,90,5,0,94,2,0,99,0
11.5685053546,90,4,0,94,1,0,99,0
11.6010249285,90,5,0,94,2,0,99,0
11.605802853,90,4,0,94,1,0,99,0
11.668335611,91,4,0,94,1,0,99,0
11.6763690634,90,4,0,94,1,0,99,0
11.6800519815,90,5,0,95,1,0,99,0
11.7733336842,90,5,0,95,2,0,99,0
11.8090573045,90,5,0,94,2,0,99,0
11.81172555,90,4,0,94,1,0,99,0
11.8219379553,90,5,0,95,1,0,99,0
11.8764324498,90,6,0,96,1,0,99,0
11.8896521899,90,6,0,96,1,0,100,0
11.9035766475,90,6,0,96,1,0,99,0
11.9129152743,90,7,0,97,1,0,99,0
11.9522225573,91,7,0,97,1,0,99,0
11.9692757497,91,6,0,97,0,0,99,0
11.9711221929,91,6,0,97,1,0,99,0
11.972531676,91,6,0,96,1,0,99,0
11.991853078,91,5,0,96,1,0,99,0
12.0686296608,91,4,0,96,0,0,99,0
12.1961465715,92,4,0,96,0,0,99,0
12.2695604329,92,5,0,97,0,0,99,0
12.350747514,92,4,0,97,0,0,99,0
12.360755915,92,4,0,97,0,0,100,0
12.3662228173,92,4,0,97,0,0,99,0
12.479527374,92,4,0,97,0,0,100,0
12.4817607884,92,4,0,97,0,0,99,0
12.4835496474,92,5,0,98,0,0,99,0
12.5256574319,93,5,0,98,0,0,99,0
12.5660810893,92,5,0,98,0,0,99,0
12.750688709,93,5,0,98,0,0,99,0
12.76098751,92,5,0,98,0,0,99,0
12.9364393492,92,6,0,98,0,0,99,0
13.0099845474,92,5,0,98,0,0,99,0
13.0913992011,92,5,0,98,0,0,100,0
13.1097444804,92,5,0,98,0,0,99,0
13.2586396538,92,6,0,98,0,0,99,0
13.2628430718,91,6,0,98,0,0,99,0
13.6059416148,91,6,0,99,0,0,99,0
13.6197350305,91,6,0,98,0,0,99,0
13.7863400388,91,6,0,98,0,0,100,0
13.7924336572,91,6,0,98,0,0,99,0
13.8050814596,91,6,0,99,0,0,99,0
13.8310545615,91,6,0,98,0,0,99,0
13.8401609912,91,7,0,98,0,0,99,0
13.8680700021,91,8,0,98,0,0,99,0
13.8721768511,90,8,0,98,0,0,99,0
14.2260560713,90,7,0,98,0,0,99,0
14.3390315038,91,7,0,98,0,0,99,0
14.3398270505,90,7,0,98,0,0,99,0
14.3782441337,91,7,0,98,0,0,99,0
14.4294609361,91,6,0,98,0,0,99,0
14.7071470191,91,7,0,98,1,0,99,0
14.7148017234,91,6,0,98,0,0,99,0
15.0371029157,91,7,0,98,0,0,99,0
15.0490375464,91,6,0,98,0,0,99,0
15.1160976333,91,6,0,98,0,0,99,1
15.1181011759,91,6,0,98,0,0,98,1
15.1197397367,91,6,0,97,0,0,98,0
15.1421981309,91,6,0,97,0,0,98,1
15.1452984778,91,6,0,97,0,0,97,1
15.1467680993,91,6,0,98,0,0,98,1
15.1512711096,91,6,0,97,0,0,98,0
15.1654666406,92,6,0,97,0,0,98,0
15.1801687756,92,7,0,98,0,0,98,0
15.3647322918,92,7,0,99,0,0,99,0
15.3933329955,92,6,0,99,0,0,99,0
15.4057980039,92,7,0,99,0,0,99,0
15.5380886726,92,6,0,99,0,0,99,0
15.5591559032,92,7,0,99,0,0,99,0
15.5662665863,91,7,0,99,0,0,99,0
15.6558019058,91,7,0,99,0,0,100,0
15.6604596499,91,7,0,99,0,0,99,0
15.6821954376,91,8,0,99,0,0,99,0
15.6861353117,90,8,0,99,0,0,99,0
15.797639631,91,8,0,99,0,0,99,0
15.8117858027,90,8,0,99,0,0,99,0
15.9840890029,90,8,0,99,1,0,99,0
15.9952136762,90,8,0,98,1,0,99,0
16.0638662899,90,7,0,98,0,0,99,0
16.2794419502,90,7,0,98,0,0,100,0
16.2959589467,90,7,0,98,0,0,99,0
16.5049321351,90,8,0,98,1,0,99,0
16.5290739089,91,8,0,98,1,0,99,0
16.5302979094,90,8,0,98,1,0,99,0
16.5713153394,90,9,0,98,1,0,99,0
16.5878761808,89,9,0,98,1,0,99,0
16.590011174,89,9,0,98,1,0,100,0
16.5906347019,89,9,0,98,1,0,99,0
16.6068420166,90,9,0,98,1,0,99,0
16.6217712609,90,8,0,98,0,0,99,0
16.7051057592,90,8,0,98,0,0,99,1
16.7051917524,90,8,0,98,0,0,98,1
16.7066736092,90,8,0,97,0,0,98,0
16.7322900206,90,8,0,98,0,0,99,0
16.7468492659,90,7,0,98,0,0,99,0
16.8621775015,90,8,0,98,0,0,99,0
16.8879611696,90,7,0,98,0,0,99,0
16.9168311435,90,7,0,98,0,0,99,1
16.9198033535,90,7,0,98,0,0,98,1
16.9219651887,90,7,0,98,1,0,98,1
16.9241815594,90,7,0,97,1,0,98,1
16.9642099998,90,7,0,96,1,0,98,0
17.0383574408,90,6,0,96,0,0,98,0
17.0686358247,91,6,0,96,0,0,98,0
17.1567955678,91,5,0,96,0,0,98,0
17.2140271167,91,6,0,97,0,0,98,0
17.3090764058,91,7,0,98,0,0,98,0
17.3819339985,91,7,0,98,1,0,98,0
17.3989527441,92,7,0,98,1,0,98,0
17.4035348203,91,7,0,98,1,0,98,0
17.4095163324,91,7,0,97,1,0,98,0
17.5567494347,91,6,0,97,0,0,98,0
17.7321932541,91,7,0,97,0,0,98,0
17.7568637882,91,7,0,98,0,0,98,0
17.7591279374,91,7,0,97,0,0,98,0
17.8227730191,91,8,0,97,0,0,98,0
17.823144399,90,8,0,97,0,0,98,0
17.828462712,90,7,0,97,0,0,98,0
17.8496797432,90,7,0,98,0,0,98,1
17.8511795681,90,7,0,97,0,0,98,0
17.9195668664,90,7,0,97,0,0,99,0
17.9322042398,90,7,0,97,0,0,98,0
17.9681777887,91,7,0,97,0,0,98,0
17.9951343183,91,6,0,97,0,0,98,0
18.0223123665,91,6,0,98,0,0,98,0
18.0263807536,91,6,0,97,0,0,98,0
18.0611129827,91,6,0,98,0,0,98,0
18.0617202923,91,6,0,97,0,0,98,0
18.2083476048,92,6,0,97,0,0,98,0
18.2381069803,91,6,0,97,0,0,98,0
18.2448596603,91,7,0,97,0,0,98,0
18.2565306064,91,6,0,97,0,0,98,0
18.3216658576,92,6,0,97,0,0,98,0
18.3434599948,92,7,0,97,1,0,98,0
18.3932933826,92,7,0,98,1,0,99,0
18.4424174845,92,7,0,99,1,0,99,0
18.4438400605,92,6,0,99,1,0,99,0
18.4485812713,92,6,0,98,1,0,99,0
18.4615927196,92,7,0,98,1,0,99,0
18.5503091382,92,6,0,98,0,0,99,0
18.6456763499,92,7,0,99,0,0,99,0
18.670685382,92,7,0,99,1,0,99,0
18.6709857572,92,7,0,98,1,0,99,0
18.848690622,92,6,0,98,1,0,99,0
18.8587098446,92,6,0,98,1,0,100,0
18.8601606077,92,6,0,98,1,0,99,0
18.9090011759,92,5,0,98,0,0,99,0
18.9625846141,93,5,0,98,0,0,99,0
18.9704432912,93,4,0,98,0,0,99,0
19.040173892,93,4,0,98,0,0,100,0
19.0403654212,93,4,0,98,0,0,99,0
19.1658639097,93,5,0,98,0,0,99,0
19.1748397329,93,6,0,99,0,0,99,0
19.2506901122,93,6,0,99,1,0,99,0
19.2607805105,93,6,0,98,1,0,99,0
19.312767603,93,5,0,98,1,0,99,0
19.3220095079,93,4,0,98,0,0,99,0
19.5638192746,93,4,0,98,0,0,99,1
19.5662552029,93,4,0,97,0,0,99,0
19.5697925666,93,4,0,97,0,0,98,0
19.5716368608,93,4,0,98,0,0,98,1
19.5845307747,93,4,0,97,0,0,98,0
19.6879759049,94,4,0,97,0,0,98,0
19.7439476216,94,3,0,97,0,0,98,0
19.833390535,95,3,0,97,0,0,98,0
19.8441784579,94,3,0,97,0,0,98,0
19.8618043313,94,3,0,98,0,0,98,0
19.8657649875,94,3,0,97,0,0,98,0
19.9213822449,95,3,0,97,0,0,98,0
19.9268533446,95,2,0,97,0,0,98,0
19.949348837,95,3,0,97,0,0,98,0
19.9494143632,94,3,0,97,0,0,98,0
19.9827344929,94,4,0,98,0,0,98,0
