Time, !x, !y, !z
100.0, 0, 928, 2
200.0, 10, 1881, 2
300.0, 20, 1865, 2
400.0, 17, 1832, 1
500.0, 30, 1786, 1
600.0, 35, 1711, 1
700.0, 37, 1633, 1
800.0, 48, 1570, 1
900.0, 50, 1454, 1
1000.0, 54, 1334, 1
1100.0, 59, 1237, 1
1200.0, 75, 1133, 1
1300.0, 99, 1049, 1
1400.0, 108, 974, 0
1500.0, 146, 912, 0
1600.0, 217, 845, 0
1700.0, 290, 791, 0
1800.0, 341, 741, 0
1900.0, 400, 685, 0
2000.0, 470, 630, 0
2100.0, 543, 584, 0
2200.0, 597, 548, 0
2300.0, 662, 504, 0
2400.0, 717, 470, 0
2500.0, 780, 445, 0
2600.0, 843, 414, 0
2700.0, 882, 388, 0
2800.0, 947, 350, 0
2900.0, 1004, 316, 0
3000.0, 1116, 292, 0
3100.0, 1177, 263, 0
3200.0, 1263, 229, 0
3300.0, 1332, 210, 0
3400.0, 1404, 191, 0
3500.0, 1494, 178, 0
3600.0, 1589, 161, 0
3700.0, 1688, 148, 0
3800.0, 1781, 134, 0
3900.0, 1863, 113, 0
4000.0, 1950, 94, 0
4100.0, 2054, 83, 0
4200.0, 2120, 79, 0
4300.0, 2200, 68, 0
4400.0, 2276, 57, 0
4500.0, 2347, 52, 0
4600.0, 2386, 48, 0
4700.0, 2398, 44, 0
4800.0, 2413, 39, 0
4900.0, 2451, 37, 0
5000.0, 2555, 35, 0
5100.0, 2608, 32, 0
5200.0, 2678, 28, 0
5300.0, 2718, 26, 0
5400.0, 2808, 22, 0
5500.0, 2886, 20, 0
5600.0, 2950, 20, 0
5700.0, 3017, 18, 8
5800.0, 3126, 17, 15
5900.0, 3159, 16, 14
6000.0, 3180, 14, 13
6100.0, 3151, 12, 20
6200.0, 3087, 9, 33
6300.0, 3067, 7, 41
6400.0, 2897, 7, 41
6500.0, 2816, 7, 54
6600.0, 2578, 7, 64
6700.0, 2357, 7, 96
6800.0, 2154, 7, 127
6900.0, 1968, 7, 152
7000.0, 1818, 7, 189
7100.0, 1632, 7, 207
7200.0, 1494, 7, 224
7300.0, 1357, 6, 239
7400.0, 1241, 4, 244
7500.0, 1133, 4, 262
7600.0, 1025, 4, 306
7700.0, 915, 2, 310
7800.0, 838, 2, 304
7900.0, 760, 0, 310
8000.0, 691, 0, 348
8100.0, 624, 0, 373
8200.0, 565, 0, 411
8300.0, 509, 0, 446
8400.0, 461, 0, 488
8500.0, 423, 0, 560
8600.0, 391, 0, 628
8700.0, 355, 0, 658
8800.0, 324, 0, 715
8900.0, 294, 0, 777
9000.0, 269, 0, 799
9100.0, 242, 0, 841
9200.0, 224, 0, 906
9300.0, 205, 0, 959
9400.0, 185, 0, 1019
9500.0, 156, 0, 1056
9600.0, 146, 0, 1079
9700.0, 128, 0, 1167
9800.0, 115, 0, 1246
9900.0, 106, 3, 1315
10000.0, 93, 13, 1411
10100.0, 81, 12, 1468
10200.0, 73, 12, 1481
10300.0, 69, 12, 1460
10400.0, 63, 10, 1438
10500.0, 56, 8, 1416
10600.0, 52, 6, 1368
10700.0, 48, 5, 1340
10800.0, 45, 5, 1338
10900.0, 40, 24, 1327
11000.0, 37, 34, 1289
11100.0, 36, 34, 1170
11200.0, 31, 45, 1066
11300.0, 28, 65, 970
11400.0, 23, 71, 861
11500.0, 23, 90, 787
11600.0, 21, 100, 718
11700.0, 19, 103, 649
11800.0, 19, 114, 593
11900.0, 16, 114, 541
12000.0, 13, 115, 499
12100.0, 12, 109, 458
12200.0, 10, 108, 420
12300.0, 10, 103, 397
12400.0, 9, 102, 376
12500.0, 8, 97, 348
12600.0, 7, 95, 330
12700.0, 7, 91, 295
12800.0, 7, 97, 266
12900.0, 7, 113, 234
13000.0, 7, 128, 213
13100.0, 6, 145, 196
13200.0, 6, 168, 178
13300.0, 5, 174, 166
13400.0, 11, 184, 143
13500.0, 27, 193, 125
13600.0, 42, 186, 113
13700.0, 57, 174, 102
13800.0, 69, 172, 97
13900.0, 69, 166, 95
14000.0, 70, 172, 96
14100.0, 76, 180, 92
14200.0, 82, 201, 98
14300.0, 76, 214, 87
14400.0, 66, 206, 78
14500.0, 59, 184, 69
14600.0, 54, 155, 59
14700.0, 49, 146, 54
14800.0, 43, 146, 43
14900.0, 39, 140, 39
15000.0, 46, 132, 35
15100.0, 54, 117, 34
15200.0, 74, 95, 29
15300.0, 67, 86, 26
15400.0, 58, 80, 23
15500.0, 53, 71, 22
15600.0, 47, 67, 19
15700.0, 45, 60, 17
15800.0, 44, 60, 16
15900.0, 43, 54, 13
16000.0, 41, 48, 12
16100.0, 37, 44, 10
16200.0, 32, 41, 10
16300.0, 28, 38, 9
16400.0, 26, 33, 9
16500.0, 23, 28, 9
16600.0, 20, 27, 9
16700.0, 19, 26, 9
16800.0, 24, 24, 8
16900.0, 43, 21, 4
17000.0, 84, 20, 4
17100.0, 120, 18, 4
17200.0, 156, 15, 4
17300.0, 172, 14, 4
17400.0, 183, 14, 4
17500.0, 186, 10, 4
17600.0, 185, 10, 4
17700.0, 202, 7, 3
17800.0, 216, 7, 7
17900.0, 223, 5, 6
18000.0, 245, 3, 6
18100.0, 271, 3, 6
18200.0, 282, 3, 19
18300.0, 288, 3, 42
18400.0, 294, 2, 70
18500.0, 261, 2, 92
18600.0, 244, 2, 119
18700.0, 219, 2, 129
18800.0, 202, 2, 144
18900.0, 183, 2, 160
19000.0, 167, 2, 158
19100.0, 151, 2, 149
19200.0, 143, 2, 145
19300.0, 130, 0, 139
19400.0, 119, 0, 151
19500.0, 109, 0, 179
19600.0, 98, 0, 210
19700.0, 87, 0, 243
19800.0, 78, 0, 274
19900.0, 70, 0, 321
20000.0, 61, 0, 368
20100.0, 51, 0, 407
20200.0, 44, 0, 458
20300.0, 41, 0, 485
20400.0, 39, 0, 510
20500.0, 35, 0, 550
20600.0, 29, 0, 607
20700.0, 26, 7, 677
20800.0, 24, 17, 719
20900.0, 20, 26, 786
21000.0, 18, 37, 736
21100.0, 16, 49, 713
21200.0, 14, 63, 665
21300.0, 13, 87, 632
21400.0, 10, 102, 578
21500.0, 8, 121, 511
21600.0, 8, 136, 458
21700.0, 7, 155, 411
21800.0, 7, 174, 374
21900.0, 4, 194, 340
22000.0, 4, 214, 309
22100.0, 4, 234, 281
22200.0, 3, 241, 249
22300.0, 3, 283, 226
22400.0, 3, 318, 199
22500.0, 2, 346, 186
22600.0, 2, 383, 170
22700.0, 2, 429, 159
22800.0, 2, 495, 144
22900.0, 87, 555, 122
23000.0, 80, 521, 111
23100.0, 84, 477, 100
23200.0, 81, 449, 90
23300.0, 86, 425, 80
23400.0, 84, 392, 71
23500.0, 84, 371, 65
23600.0, 84, 334, 60
23700.0, 87, 311, 53
23800.0, 86, 287, 48
23900.0, 94, 260, 44
24000.0, 87, 245, 37
24100.0, 100, 217, 35
24200.0, 105, 202, 41
24300.0, 117, 177, 45
24400.0, 123, 168, 46
24500.0, 127, 161, 54
24600.0, 132, 145, 61
24700.0, 139, 129, 71
24800.0, 145, 122, 77
24900.0, 150, 108, 77
25000.0, 142, 99, 83
25100.0, 132, 90, 76
25200.0, 126, 81, 65
25300.0, 130, 71, 58
25400.0, 123, 67, 48
25500.0, 110, 61, 43
25600.0, 109, 57, 36
25700.0, 107, 51, 35
25800.0, 113, 48, 35
25900.0, 114, 44, 30
26000.0, 104, 40, 28
26100.0, 90, 34, 26
26200.0, 81, 33, 27
26300.0, 73, 28, 29
26400.0, 65, 24, 36
26500.0, 56, 23, 45
26600.0, 50, 23, 49
26700.0, 44, 22, 50
26800.0, 38, 19, 45
26900.0, 35, 17, 40
27000.0, 32, 14, 46
27100.0, 25, 13, 45
27200.0, 20, 12, 52
27300.0, 18, 12, 73
27400.0, 16, 11, 85
27500.0, 15, 15, 84
27600.0, 14, 27, 83
27700.0, 13, 25, 73
27800.0, 13, 22, 68
27900.0, 10, 20, 61
28000.0, 10, 22, 59
28100.0, 9, 48, 55
28200.0, 9, 77, 50
28300.0, 9, 120, 45
28400.0, 8, 146, 37
28500.0, 8, 179, 34
28600.0, 8, 229, 30
28700.0, 8, 265, 28
28800.0, 7, 288, 27
28900.0, 7, 310, 25
29000.0, 7, 327, 21
29100.0, 6, 355, 19
29200.0, 6, 375, 18
29300.0, 6, 404, 18
29400.0, 6, 442, 18
29500.0, 5, 460, 17
29600.0, 5, 487, 16
29700.0, 5, 521, 16
29800.0, 5, 532, 13
29900.0, 9, 538, 11
30000.0, 19, 540, 9
30100.0, 23, 532, 8
30200.0, 40, 498, 7
30300.0, 55, 473, 5
30400.0, 88, 426, 5
30500.0, 129, 376, 5
30600.0, 120, 336, 5
30700.0, 110, 306, 5
30800.0, 98, 283, 5
30900.0, 84, 260, 5
31000.0, 72, 246, 5
31100.0, 76, 217, 5
31200.0, 89, 193, 4
31300.0, 106, 180, 4
31400.0, 133, 168, 4
31500.0, 167, 151, 4
31600.0, 192, 139, 4
31700.0, 204, 128, 4
31800.0, 220, 123, 4
31900.0, 245, 110, 4
32000.0, 258, 95, 4
32100.0, 267, 89, 2
32200.0, 282, 83, 2
32300.0, 296, 77, 2
32400.0, 327, 71, 1
32500.0, 364, 64, 1
32600.0, 390, 56, 12
32700.0, 378, 49, 25
32800.0, 369, 44, 34
32900.0, 341, 41, 37
33000.0, 318, 35, 33
33100.0, 281, 34, 32
33200.0, 259, 32, 29
33300.0, 241, 29, 26
33400.0, 220, 26, 23
33500.0, 199, 25, 23
33600.0, 171, 23, 17
33700.0, 158, 19, 13
33800.0, 130, 15, 12
33900.0, 126, 13, 12
34000.0, 126, 12, 10
34100.0, 119, 12, 8
34200.0, 116, 12, 8
34300.0, 117, 12, 8
34400.0, 106, 10, 7
34500.0, 96, 10, 17
34600.0, 85, 8, 25
34700.0, 77, 8, 30
34800.0, 72, 8, 25
34900.0, 70, 5, 22
35000.0, 68, 4, 21
35100.0, 61, 4, 18
35200.0, 53, 4, 17
35300.0, 46, 4, 24
35400.0, 41, 3, 44
35500.0, 40, 3, 62
35600.0, 45, 1, 91
35700.0, 39, 1, 119
35800.0, 35, 1, 163
35900.0, 29, 1, 188
36000.0, 26, 1, 224
36100.0, 24, 1, 258
36200.0, 22, 1, 294
36300.0, 20, 0, 331
36400.0, 18, 0, 361
36500.0, 17, 0, 414
36600.0, 15, 0, 458
36700.0, 14, 0, 488
36800.0, 12, 0, 522
36900.0, 12, 0, 553
37000.0, 12, 0, 584
37100.0, 11, 0, 611
37200.0, 11, 0, 639
37300.0, 11, 6, 712
37400.0, 10, 25, 753
37500.0, 7, 65, 761
37600.0, 7, 80, 748
37700.0, 6, 88, 726
37800.0, 6, 99, 669
37900.0, 6, 126, 600
38000.0, 6, 147, 531
38100.0, 5, 172, 487
38200.0, 4, 195, 443
38300.0, 4, 219, 408
38400.0, 3, 239, 369
38500.0, 3, 252, 330
38600.0, 3, 257, 302
38700.0, 3, 273, 273
38800.0, 3, 258, 242
38900.0, 3, 261, 212
39000.0, 3, 276, 193
39100.0, 3, 282, 174
39200.0, 2, 306, 162
39300.0, 2, 342, 136
39400.0, 2, 387, 116
39500.0, 2, 458, 104
39600.0, 2, 535, 96
39700.0, 2, 592, 87
39800.0, 2, 636, 79
39900.0, 1, 674, 75
40000.0, 1, 701, 68
40100.0, 1, 715, 65
40200.0, 92, 730, 59
40300.0, 82, 684, 54
40400.0, 72, 618, 51
40500.0, 66, 560, 46
40600.0, 57, 517, 45
40700.0, 55, 478, 41
40800.0, 47, 447, 37
40900.0, 41, 412, 34
41000.0, 35, 381, 32
41100.0, 34, 356, 28
41200.0, 25, 356, 24
41300.0, 23, 336, 21
41400.0, 21, 328, 19
41500.0, 19, 320, 16
41600.0, 17, 308, 14
41700.0, 16, 298, 12
41800.0, 13, 311, 10
41900.0, 10, 345, 9
42000.0, 17, 347, 9
42100.0, 33, 332, 8
42200.0, 42, 303, 7
42300.0, 47, 295, 7
42400.0, 74, 272, 6
42500.0, 92, 250, 5
42600.0, 102, 224, 5
42700.0, 108, 208, 4
42800.0, 144, 189, 4
42900.0, 193, 170, 4
43000.0, 260, 160, 4
43100.0, 299, 146, 4
43200.0, 330, 133, 4
43300.0, 369, 119, 3
43400.0, 356, 104, 3
43500.0, 356, 91, 2
43600.0, 349, 81, 2
43700.0, 341, 67, 2
43800.0, 348, 65, 2
43900.0, 356, 59, 1
44000.0, 388, 53, 1
44100.0, 432, 49, 1
44200.0, 454, 44, 1
44300.0, 484, 38, 1
44400.0, 524, 35, 1
44500.0, 564, 31, 1
44600.0, 593, 27, 1
44700.0, 622, 25, 1
44800.0, 663, 23, 12
44900.0, 710, 18, 24
45000.0, 672, 15, 35
45100.0, 703, 13, 36
45200.0, 721, 13, 42
45300.0, 745, 12, 51
45400.0, 725, 12, 52
45500.0, 695, 11, 58
45600.0, 661, 9, 76
45700.0, 626, 9, 83
45800.0, 562, 9, 90
45900.0, 529, 8, 111
46000.0, 481, 8, 126
46100.0, 440, 7, 146
46200.0, 418, 6, 161
46300.0, 376, 4, 169
46400.0, 342, 4, 201
46500.0, 325, 4, 247
46600.0, 296, 3, 268
46700.0, 261, 3, 293
46800.0, 249, 3, 293
46900.0, 225, 3, 297
47000.0, 198, 3, 308
47100.0, 179, 3, 316
47200.0, 167, 3, 319
47300.0, 147, 3, 350
47400.0, 127, 3, 389
47500.0, 119, 3, 417
47600.0, 110, 3, 448
47700.0, 103, 3, 468
47800.0, 95, 3, 505
47900.0, 86, 2, 527
48000.0, 80, 2, 563
48100.0, 71, 1, 615
48200.0, 67, 92, 658
48300.0, 61, 88, 591
48400.0, 55, 92, 524
48500.0, 52, 88, 480
48600.0, 48, 98, 427
48700.0, 45, 96, 401
48800.0, 42, 105, 374
48900.0, 39, 99, 330
49000.0, 35, 99, 290
49100.0, 32, 101, 265
49200.0, 30, 95, 238
49300.0, 30, 98, 207
49400.0, 25, 99, 190
49500.0, 21, 85, 180
49600.0, 19, 74, 176
49700.0, 16, 67, 169
49800.0, 15, 65, 160
49900.0, 12, 72, 143
50000.0, 11, 97, 132
50100.0, 9, 140, 118
50200.0, 9, 165, 110
50300.0, 8, 196, 101
50400.0, 6, 221, 93
50500.0, 6, 257, 83
50600.0, 3, 285, 76
50700.0, 2, 314, 67
50800.0, 2, 359, 65
50900.0, 2, 398, 61
51000.0, 1, 442, 54
51100.0, 1, 485, 51
51200.0, 1, 541, 46
51300.0, 1, 584, 44
51400.0, 1, 633, 42
51500.0, 1, 667, 39
51600.0, 1, 742, 38
51700.0, 1, 793, 34
51800.0, 1, 834, 34
51900.0, 1, 884, 30
52000.0, 1, 950, 29
52100.0, 1, 1040, 26
52200.0, 1, 1108, 26
52300.0, 1, 1160, 25
52400.0, 1, 1214, 112
52500.0, 0, 1281, 111
52600.0, 0, 1338, 114
52700.0, 0, 1385, 110
52800.0, 0, 1500, 99
52900.0, 0, 1607, 92
53000.0, 0, 1682, 81
53100.0, 8, 1694, 74
53200.0, 18, 1745, 68
53300.0, 28, 1774, 63
53400.0, 34, 1779, 51
53500.0, 44, 1756, 48
53600.0, 54, 1640, 128
53700.0, 52, 1556, 117
53800.0, 58, 1499, 110
53900.0, 72, 1412, 98
54000.0, 69, 1336, 85
54100.0, 71, 1220, 76
54200.0, 83, 1169, 66
54300.0, 79, 1061, 59
54400.0, 87, 978, 54
54500.0, 80, 912, 48
54600.0, 76, 835, 45
54700.0, 70, 761, 41
54800.0, 77, 690, 41
54900.0, 76, 636, 38
55000.0, 69, 581, 35
55100.0, 63, 542, 32
55200.0, 62, 516, 27
55300.0, 69, 481, 24
55400.0, 83, 417, 23
55500.0, 78, 382, 20
55600.0, 85, 361, 19
55700.0, 87, 337, 19
55800.0, 95, 297, 18
55900.0, 104, 275, 16
56000.0, 111, 251, 15
56100.0, 126, 232, 14
56200.0, 131, 206, 11
56300.0, 138, 178, 8
56400.0, 142, 156, 7
56500.0, 145, 138, 6
56600.0, 156, 130, 6
56700.0, 176, 121, 2
56800.0, 188, 113, 2
56900.0, 211, 103, 2
57000.0, 222, 95, 2
57100.0, 232, 86, 1
57200.0, 248, 78, 1
57300.0, 264, 69, 0
57400.0, 293, 61, 0
57500.0, 345, 56, 0
57600.0, 397, 49, 0
57700.0, 460, 46, 0
57800.0, 500, 43, 0
57900.0, 547, 39, 0
58000.0, 641, 35, 0
58100.0, 738, 32, 0
58200.0, 864, 30, 0
58300.0, 985, 27, 0
58400.0, 1092, 24, 0
58500.0, 1224, 21, 9
58600.0, 1304, 20, 24
58700.0, 1378, 19, 28
58800.0, 1381, 16, 25
58900.0, 1356, 13, 28
59000.0, 1316, 11, 31
59100.0, 1263, 10, 34
59200.0, 1195, 8, 33
59300.0, 1150, 7, 42
59400.0, 1056, 6, 52
59500.0, 1006, 5, 62
59600.0, 924, 4, 82
59700.0, 855, 3, 110
59800.0, 799, 1, 151
59900.0, 732, 1, 172
60000.0, 701, 1, 209
60100.0, 623, 1, 234
60200.0, 571, 1, 267
60300.0, 518, 1, 305
60400.0, 471, 1, 355
60500.0, 423, 1, 404
60600.0, 384, 1, 449
60700.0, 350, 1, 492
60800.0, 318, 1, 540
60900.0, 293, 1, 575
61000.0, 257, 1, 587
61100.0, 232, 1, 627
61200.0, 208, 0, 673
61300.0, 194, 0, 704
61400.0, 176, 0, 766
61500.0, 155, 0, 808
61600.0, 142, 0, 865
61700.0, 125, 0, 909
61800.0, 118, 0, 931
61900.0, 101, 0, 963
62000.0, 93, 0, 1019
62100.0, 86, 0, 1063
62200.0, 82, 0, 1149
62300.0, 75, 0, 1206
62400.0, 72, 0, 1298
62500.0, 66, 0, 1329
62600.0, 59, 0, 1389
62700.0, 49, 0, 1443
62800.0, 41, 0, 1490
62900.0, 41, 0, 1541
63000.0, 40, 0, 1576
63100.0, 38, 0, 1621
63200.0, 34, 0, 1692
63300.0, 33, 0, 1765
63400.0, 30, 1, 1863
63500.0, 26, 9, 1946
63600.0, 25, 20, 1871
63700.0, 20, 32, 1818
63800.0, 14, 52, 1741
63900.0, 12, 59, 1659
64000.0, 12, 65, 1591
64100.0, 11, 80, 1481
64200.0, 10, 101, 1381
64300.0, 9, 120, 1258
64400.0, 9, 133, 1154
64500.0, 8, 148, 1053
64600.0, 8, 153, 947
64700.0, 5, 163, 868
64800.0, 5, 161, 793
64900.0, 3, 171, 714
65000.0, 2, 184, 642
65100.0, 2, 204, 583
65200.0, 2, 213, 538
65300.0, 2, 228, 493
65400.0, 2, 262, 452
65500.0, 2, 287, 415
65600.0, 2, 304, 385
65700.0, 2, 333, 355
65800.0, 2, 375, 311
65900.0, 1, 430, 283
66000.0, 1, 468, 252
66100.0, 1, 512, 231
66200.0, 1, 540, 211
66300.0, 1, 568, 187
66400.0, 1, 559, 175
66500.0, 1, 586, 161
66600.0, 0, 634, 151
66700.0, 0, 654, 132
66800.0, 0, 719, 120
66900.0, 0, 766, 109
67000.0, 0, 810, 100
67100.0, 0, 865, 93
67200.0, 0, 938, 87
67300.0, 0, 1016, 78
67400.0, 0, 1090, 72
67500.0, 0, 1166, 69
67600.0, 0, 1204, 62
67700.0, 0, 1254, 54
67800.0, 0, 1338, 50
67900.0, 0, 1398, 47
68000.0, 0, 1450, 43
68100.0, 0, 1504, 39
68200.0, 0, 1560, 37
68300.0, 12, 1575, 35
68400.0, 12, 1580, 33
68500.0, 11, 1585, 29
68600.0, 11, 1538, 26
68700.0, 10, 1497, 24
68800.0, 8, 1475, 20
68900.0, 10, 1452, 17
69000.0, 18, 1449, 15
69100.0, 25, 1424, 13
69200.0, 43, 1365, 13
69300.0, 70, 1280, 13
69400.0, 93, 1208, 13
69500.0, 88, 1087, 13
69600.0, 83, 993, 13
69700.0, 75, 918, 11
69800.0, 80, 840, 11
69900.0, 76, 760, 10
70000.0, 73, 695, 9
70100.0, 76, 637, 8
70200.0, 84, 592, 7
70300.0, 86, 555, 6
70400.0, 92, 507, 6
70500.0, 101, 475, 6
70600.0, 119, 440, 6
70700.0, 120, 395, 6
70800.0, 150, 353, 6
70900.0, 190, 317, 5
71000.0, 234, 283, 5
71100.0, 270, 253, 4
71200.0, 322, 229, 4
71300.0, 361, 200, 4
71400.0, 416, 175, 4
71500.0, 475, 155, 4
71600.0, 494, 137, 4
71700.0, 534, 125, 3
71800.0, 592, 113, 3
71900.0, 644, 106, 3
72000.0, 698, 94, 3
72100.0, 731, 83, 3
72200.0, 776, 77, 3
72300.0, 785, 73, 3
72400.0, 793, 67, 3
72500.0, 805, 63, 3
72600.0, 826, 61, 3
72700.0, 859, 56, 2
72800.0, 871, 50, 1
72900.0, 900, 44, 1
73000.0, 933, 41, 1
73100.0, 979, 35, 1
73200.0, 1002, 32, 0
73300.0, 1040, 30, 0
73400.0, 1071, 26, 0
73500.0, 1122, 24, 0
73600.0, 1146, 23, 0
73700.0, 1200, 21, 7
73800.0, 1173, 20, 32
73900.0, 1142, 17, 31
74000.0, 1097, 15, 41
74100.0, 1048, 14, 50
74200.0, 967, 12, 52
74300.0, 882, 11, 60
74400.0, 789, 11, 62
74500.0, 721, 9, 70
74600.0, 652, 9, 91
74700.0, 586, 9, 108
74800.0, 520, 9, 119
74900.0, 478, 8, 122
75000.0, 436, 8, 121
75100.0, 399, 5, 112
75200.0, 372, 4, 113
75300.0, 334, 3, 128
75400.0, 300, 2, 155
75500.0, 278, 2, 190
75600.0, 265, 2, 223
75700.0, 246, 2, 246
75800.0, 223, 2, 273
75900.0, 199, 2, 293
76000.0, 187, 2, 334
76100.0, 167, 2, 340
76200.0, 152, 1, 375
76300.0, 137, 1, 391
76400.0, 123, 1, 388
76500.0, 112, 1, 391
76600.0, 103, 0, 387
76700.0, 96, 0, 386
76800.0, 85, 0, 391
76900.0, 76, 0, 405
77000.0, 69, 0, 406
77100.0, 61, 0, 440
77200.0, 58, 0, 467
77300.0, 54, 0, 514
77400.0, 49, 0, 540
77500.0, 40, 0, 595
77600.0, 36, 0, 655
77700.0, 33, 0, 713
77800.0, 28, 0, 787
77900.0, 24, 3, 872
78000.0, 20, 8, 912
78100.0, 19, 18, 963
78200.0, 16, 32, 963
78300.0, 16, 47, 917
78400.0, 13, 70, 859
78500.0, 11, 96, 814
78600.0, 10, 109, 776
78700.0, 9, 120, 733
78800.0, 9, 130, 702
78900.0, 9, 140, 655
79000.0, 7, 148, 591
79100.0, 5, 155, 536
79200.0, 4, 172, 496
79300.0, 3, 219, 456
79400.0, 3, 264, 413
79500.0, 3, 316, 376
79600.0, 3, 368, 348
79700.0, 2, 431, 312
79800.0, 2, 492, 286
79900.0, 1, 564, 262
80000.0, 1, 628, 237
80100.0, 1, 707, 212
80200.0, 1, 820, 198
80300.0, 1, 872, 179
80400.0, 1, 862, 158
80500.0, 1, 880, 141
80600.0, 1, 930, 133
80700.0, 1, 957, 119
80800.0, 1, 1005, 112
80900.0, 1, 1051, 107
81000.0, 1, 1091, 100
81100.0, 1, 1144, 91
81200.0, 1, 1181, 85
81300.0, 1, 1170, 78
81400.0, 1, 1202, 71
81500.0, 1, 1239, 67
81600.0, 1, 1270, 57
81700.0, 1, 1304, 51
81800.0, 1, 1321, 46
81900.0, 0, 1355, 42
82000.0, 0, 1421, 40
82100.0, 0, 1479, 39
82200.0, 6, 1593, 35
82300.0, 6, 1585, 31
82400.0, 6, 1554, 30
82500.0, 6, 1521, 26
82600.0, 6, 1503, 23
82700.0, 6, 1477, 22
82800.0, 6, 1469, 22
82900.0, 5, 1424, 20
83000.0, 4, 1425, 20
83100.0, 7, 1449, 19
83200.0, 18, 1438, 19
83300.0, 26, 1423, 19
83400.0, 33, 1373, 15
83500.0, 35, 1280, 14
83600.0, 49, 1179, 14
83700.0, 52, 1082, 13
83800.0, 52, 999, 12
83900.0, 54, 925, 11
84000.0, 47, 842, 10
84100.0, 43, 756, 8
84200.0, 43, 688, 7
84300.0, 49, 619, 7
84400.0, 59, 563, 6
84500.0, 62, 510, 6
84600.0, 65, 457, 6
84700.0, 87, 413, 4
84800.0, 117, 381, 4
84900.0, 152, 344, 3
85000.0, 231, 308, 3
85100.0, 231, 281, 3
85200.0, 235, 258, 2
85300.0, 247, 234, 1
85400.0, 278, 217, 1
85500.0, 345, 203, 1
85600.0, 412, 176, 1
85700.0, 482, 163, 1
85800.0, 542, 151, 1
85900.0, 592, 139, 1
86000.0, 622, 128, 1
86100.0, 664, 114, 0
86200.0, 685, 100, 0
86300.0, 743, 88, 0
86400.0, 821, 83, 3
86500.0, 892, 73, 14
86600.0, 923, 66, 14
86700.0, 951, 62, 13
86800.0, 955, 56, 11
86900.0, 974, 52, 10
87000.0, 959, 49, 10
87100.0, 990, 40, 9
87200.0, 1000, 34, 9
87300.0, 1000, 33, 8
87400.0, 994, 31, 8
87500.0, 1027, 28, 8
87600.0, 1036, 26, 7
87700.0, 1065, 25, 7
87800.0, 1042, 23, 6
87900.0, 1028, 21, 6
88000.0, 1008, 19, 15
88100.0, 979, 19, 22
88200.0, 943, 19, 20
88300.0, 932, 17, 20
88400.0, 908, 15, 19
88500.0, 839, 11, 18
88600.0, 768, 10, 16
88700.0, 711, 10, 14
88800.0, 643, 9, 11
88900.0, 607, 7, 12
89000.0, 547, 7, 19
89100.0, 501, 6, 27
89200.0, 471, 5, 31
89300.0, 424, 5, 42
89400.0, 385, 5, 49
89500.0, 354, 5, 50
89600.0, 345, 4, 50
89700.0, 312, 3, 66
89800.0, 285, 3, 83
89900.0, 259, 3, 95
90000.0, 231, 2, 108
90100.0, 206, 1, 101
90200.0, 187, 1, 107
90300.0, 163, 1, 119
90400.0, 147, 0, 121
90500.0, 131, 0, 119
90600.0, 112, 0, 130
90700.0, 105, 0, 185
90800.0, 95, 0, 247
90900.0, 86, 0, 312
91000.0, 76, 0, 368
91100.0, 70, 0, 413
91200.0, 62, 0, 457
91300.0, 54, 0, 486
91400.0, 51, 0, 562
91500.0, 48, 0, 621
91600.0, 42, 0, 687
91700.0, 38, 0, 732
91800.0, 38, 0, 801
91900.0, 31, 0, 895
92000.0, 29, 0, 925
92100.0, 24, 0, 995
92200.0, 23, 0, 1075
92300.0, 21, 0, 1148
92400.0, 84, 0, 1231
92500.0, 90, 0, 1312
92600.0, 92, 0, 1388
92700.0, 98, 0, 1449
92800.0, 84, 0, 1558
92900.0, 77, 0, 1636
93000.0, 74, 0, 1718
93100.0, 64, 0, 1802
93200.0, 58, 0, 1844
93300.0, 52, 0, 1903
93400.0, 48, 0, 1950
93500.0, 44, 9, 1984
93600.0, 37, 16, 1947
93700.0, 35, 19, 1876
93800.0, 32, 25, 1796
93900.0, 31, 33, 1727
94000.0, 27, 43, 1691
94100.0, 24, 56, 1603
94200.0, 22, 67, 1631
94300.0, 19, 67, 1524
94400.0, 18, 65, 1404
94500.0, 16, 71, 1330
94600.0, 14, 70, 1247
94700.0, 14, 79, 1183
94800.0, 14, 95, 1102
94900.0, 13, 107, 1032
95000.0, 11, 116, 946
95100.0, 10, 127, 888
95200.0, 10, 146, 844
95300.0, 7, 159, 811
95400.0, 7, 168, 763
95500.0, 5, 183, 725
95600.0, 4, 208, 678
95700.0, 4, 231, 652
95800.0, 3, 271, 598
95900.0, 2, 296, 535
96000.0, 2, 336, 494
96100.0, 2, 362, 457
96200.0, 0, 406, 430
96300.0, 0, 450, 399
96400.0, 0, 473, 376
96500.0, 0, 518, 352
96600.0, 0, 568, 334
96700.0, 0, 617, 326
96800.0, 0, 686, 311
96900.0, 0, 742, 309
97000.0, 0, 806, 287
97100.0, 0, 875, 265
97200.0, 0, 951, 236
97300.0, 0, 1022, 215
97400.0, 0, 1074, 196
97500.0, 0, 1153, 185
97600.0, 0, 1245, 173
97700.0, 0, 1353, 155
97800.0, 0, 1438, 143
97900.0, 0, 1559, 133
98000.0, 0, 1647, 116
98100.0, 0, 1713, 110
98200.0, 0, 1791, 98
98300.0, 0, 1867, 90
98400.0, 0, 1946, 85
98500.0, 0, 2002, 80
98600.0, 0, 2076, 70
98700.0, 0, 2157, 64
98800.0, 0, 2219, 59
98900.0, 0, 2262, 52
99000.0, 0, 2290, 47
99100.0, 0, 2339, 43
99200.0, 0, 2436, 41
99300.0, 0, 2508, 40
99400.0, 0, 2562, 37
99500.0, 0, 2654, 34
99600.0, 0, 2736, 33
99700.0, 0, 2755, 32
99800.0, 0, 2795, 28
99900.0, 3, 2867, 26
100000.0, 9, 2883, 22
100100.0, 11, 2864, 22
