Time, !a1, !b1, !c1
100.0, 1, 1, 8
200.0, 1, 3, 6
300.0, 1, 4, 4
400.0, 1, 8, 3
500.0, 1, 14, 2
600.0, 1, 15, 2
700.0, 1, 23, 1
800.0, 1, 35, 1
900.0, 1, 47, 1
1000.0, 1, 49, 1
1100.0, 1, 57, 1
1200.0, 1, 57, 1
1300.0, 1, 57, 1
1400.0, 1, 52, 1
1500.0, 1, 50, 1
1600.0, 1, 45, 1
1700.0, 1, 42, 0
1800.0, 1, 38, 0
1900.0, 1, 37, 0
2000.0, 1, 36, 0
2100.0, 1, 31, 0
2200.0, 1, 28, 0
2300.0, 1, 25, 0
2400.0, 1, 23, 0
2500.0, 1, 23, 0
2600.0, 1, 34, 0
2700.0, 1, 47, 0
2800.0, 1, 47, 0
2900.0, 1, 57, 0
3000.0, 1, 57, 0
3100.0, 1, 61, 0
3200.0, 1, 63, 0
3300.0, 1, 64, 0
3400.0, 1, 64, 0
3500.0, 0, 63, 0
3600.0, 1, 62, 0
3700.0, 1, 63, 0
3800.0, 1, 66, 0
3900.0, 0, 65, 0
4000.0, 1, 64, 0
4100.0, 1, 58, 0
4200.0, 1, 58, 0
4300.0, 1, 60, 0
4400.0, 2, 64, 1
4500.0, 6, 63, 1
4600.0, 17, 60, 0
4700.0, 15, 62, 0
4800.0, 13, 65, 0
4900.0, 13, 60, 0
5000.0, 9, 50, 0
5100.0, 8, 46, 0
5200.0, 8, 42, 0
5300.0, 6, 38, 0
5400.0, 5, 36, 0
5500.0, 3, 34, 0
5600.0, 2, 31, 0
5700.0, 4, 26, 1
5800.0, 13, 24, 1
5900.0, 20, 18, 1
6000.0, 34, 17, 1
6100.0, 33, 15, 1
6200.0, 34, 13, 1
6300.0, 33, 12, 1
6400.0, 37, 10, 0
6500.0, 38, 9, 1
6600.0, 44, 8, 1
6700.0, 51, 8, 1
6800.0, 53, 6, 1
6900.0, 59, 4, 1
7000.0, 67, 2, 1
7100.0, 68, 2, 1
7200.0, 73, 2, 1
7300.0, 68, 1, 1
7400.0, 67, 1, 1
7500.0, 75, 1, 1
7600.0, 73, 1, 1
7700.0, 75, 1, 1
7800.0, 83, 1, 1
7900.0, 78, 1, 1
8000.0, 70, 1, 1
8100.0, 66, 1, 1
8200.0, 56, 0, 1
8300.0, 53, 0, 1
8400.0, 46, 0, 1
8500.0, 42, 0, 1
8600.0, 41, 0, 1
8700.0, 38, 1, 1
8800.0, 31, 1, 3
8900.0, 28, 1, 15
9000.0, 25, 1, 21
9100.0, 24, 1, 18
9200.0, 21, 1, 26
9300.0, 19, 1, 33
9400.0, 19, 1, 45
9500.0, 17, 1, 53
9600.0, 16, 1, 63
9700.0, 14, 1, 64
9800.0, 12, 1, 61
9900.0, 12, 1, 68
10000.0, 11, 1, 73
10100.0, 11, 0, 75
10200.0, 10, 0, 79
10300.0, 8, 0, 88
10400.0, 8, 0, 96
10500.0, 6, 0, 97
10600.0, 6, 0, 98
10700.0, 5, 0, 96
10800.0, 4, 0, 107
10900.0, 4, 0, 102
11000.0, 3, 0, 102
11100.0, 2, 0, 103
11200.0, 1, 0, 112
11300.0, 1, 0, 107
11400.0, 1, 0, 106
11500.0, 1, 0, 105
11600.0, 1, 0, 94
11700.0, 1, 0, 87
11800.0, 1, 0, 82
11900.0, 1, 0, 75
12000.0, 1, 0, 69
12100.0, 1, 0, 60
12200.0, 1, 0, 55
12300.0, 1, 0, 59
12400.0, 1, 0, 65
12500.0, 1, 0, 64
12600.0, 1, 0, 62
12700.0, 1, 0, 60
12800.0, 1, 0, 65
12900.0, 0, 0, 68
13000.0, 0, 0, 71
13100.0, 1, 1, 67
13200.0, 0, 8, 59
13300.0, 0, 9, 56
13400.0, 0, 17, 51
13500.0, 0, 22, 48
13600.0, 0, 32, 41
13700.0, 0, 43, 36
13800.0, 0, 48, 35
13900.0, 0, 56, 30
14000.0, 0, 57, 28
14100.0, 0, 63, 26
14200.0, 0, 65, 26
14300.0, 0, 62, 23
14400.0, 0, 54, 23
14500.0, 0, 63, 21
14600.0, 0, 68, 19
14700.0, 0, 70, 18
14800.0, 0, 75, 17
14900.0, 0, 74, 14
15000.0, 0, 81, 11
15100.0, 0, 87, 8
15200.0, 0, 85, 6
15300.0, 0, 85, 5
15400.0, 0, 88, 4
15500.0, 0, 85, 3
15600.0, 0, 90, 2
15700.0, 0, 85, 2
15800.0, 0, 74, 2
15900.0, 0, 64, 2
16000.0, 0, 55, 2
16100.0, 0, 50, 3
16200.0, 3, 57, 3
16300.0, 10, 63, 3
16400.0, 12, 66, 1
16500.0, 17, 66, 0
16600.0, 18, 71, 0
16700.0, 24, 70, 0
16800.0, 26, 73, 1
16900.0, 29, 81, 1
17000.0, 27, 79, 1
17100.0, 31, 79, 1
17200.0, 36, 86, 1
17300.0, 27, 82, 0
17400.0, 24, 85, 0
17500.0, 23, 81, 0
17600.0, 21, 82, 0
17700.0, 20, 83, 0
17800.0, 17, 80, 0
17900.0, 15, 84, 3
18000.0, 16, 88, 5
18100.0, 21, 91, 6
18200.0, 27, 91, 13
18300.0, 37, 93, 13
18400.0, 43, 99, 13
18500.0, 52, 95, 14
18600.0, 57, 100, 13
18700.0, 57, 97, 12
18800.0, 58, 96, 11
18900.0, 55, 98, 11
19000.0, 48, 182, 7
19100.0, 43, 182, 6
19200.0, 38, 166, 5
19300.0, 35, 166, 5
19400.0, 33, 164, 4
19500.0, 38, 157, 3
19600.0, 37, 158, 2
19700.0, 37, 147, 2
19800.0, 34, 143, 2
19900.0, 30, 141, 2
20000.0, 27, 141, 2
20100.0, 24, 140, 2
20200.0, 22, 136, 2
20300.0, 20, 136, 2
20400.0, 19, 132, 2
20500.0, 16, 135, 2
20600.0, 15, 136, 2
20700.0, 21, 135, 2
20800.0, 33, 130, 2
20900.0, 43, 129, 2
21000.0, 47, 125, 1
21100.0, 52, 116, 1
21200.0, 57, 114, 1
21300.0, 63, 109, 0
21400.0, 67, 102, 0
21500.0, 71, 95, 0
21600.0, 70, 88, 0
21700.0, 69, 84, 0
21800.0, 72, 78, 0
21900.0, 76, 69, 0
22000.0, 77, 66, 0
22100.0, 83, 59, 0
22200.0, 77, 51, 0
22300.0, 72, 46, 0
22400.0, 72, 43, 0
22500.0, 69, 37, 0
22600.0, 68, 34, 0
22700.0, 80, 31, 0
22800.0, 82, 26, 0
22900.0, 76, 23, 0
23000.0, 80, 23, 0
23100.0, 81, 21, 0
23200.0, 86, 17, 0
23300.0, 86, 16, 0
23400.0, 89, 14, 0
23500.0, 88, 13, 0
23600.0, 92, 12, 0
23700.0, 87, 11, 0
23800.0, 85, 11, 0
23900.0, 87, 10, 0
24000.0, 87, 9, 0
24100.0, 92, 9, 0
24200.0, 93, 8, 0
24300.0, 90, 8, 0
24400.0, 84, 6, 0
24500.0, 86, 5, 0
24600.0, 84, 5, 0
24700.0, 85, 3, 0
24800.0, 84, 2, 0
24900.0, 72, 2, 0
25000.0, 63, 2, 0
25100.0, 63, 1, 0
25200.0, 59, 1, 0
25300.0, 52, 1, 0
25400.0, 45, 1, 0
25500.0, 50, 1, 0
25600.0, 51, 1, 0
25700.0, 66, 1, 0
25800.0, 65, 1, 0
25900.0, 70, 1, 0
26000.0, 76, 1, 0
26100.0, 77, 1, 0
26200.0, 77, 1, 0
26300.0, 79, 1, 0
26400.0, 84, 1, 0
26500.0, 85, 1, 0
26600.0, 95, 1, 0
26700.0, 88, 1, 0
26800.0, 88, 1, 0
26900.0, 90, 1, 0
27000.0, 88, 1, 0
27100.0, 87, 1, 0
27200.0, 91, 0, 0
27300.0, 98, 0, 0
27400.0, 96, 0, 0
27500.0, 95, 0, 0
27600.0, 79, 0, 0
27700.0, 72, 0, 0
27800.0, 76, 0, 0
27900.0, 72, 0, 0
28000.0, 64, 0, 0
28100.0, 58, 0, 0
28200.0, 65, 0, 0
28300.0, 70, 0, 0
28400.0, 68, 0, 0
28500.0, 72, 0, 0
28600.0, 74, 0, 0
28700.0, 80, 0, 0
28800.0, 80, 0, 0
28900.0, 88, 0, 0
29000.0, 85, 0, 0
29100.0, 87, 0, 0
29200.0, 83, 0, 0
29300.0, 82, 0, 0
29400.0, 86, 0, 0
29500.0, 97, 0, 0
29600.0, 104, 0, 0
29700.0, 100, 0, 0
29800.0, 103, 0, 0
29900.0, 103, 0, 0
30000.0, 104, 0, 0
30100.0, 101, 0, 0
30200.0, 100, 0, 0
30300.0, 104, 0, 0
30400.0, 100, 0, 0
30500.0, 94, 0, 0
30600.0, 97, 0, 0
30700.0, 100, 0, 0
30800.0, 98, 0, 0
30900.0, 91, 0, 0
31000.0, 98, 0, 0
31100.0, 100, 0, 0
31200.0, 83, 0, 0
31300.0, 86, 0, 0
31400.0, 88, 0, 0
31500.0, 86, 0, 0
31600.0, 84, 0, 0
31700.0, 83, 0, 0
31800.0, 82, 0, 0
31900.0, 82, 0, 0
32000.0, 87, 0, 0
32100.0, 82, 0, 0
32200.0, 78, 0, 0
32300.0, 85, 0, 0
32400.0, 85, 0, 0
32500.0, 83, 0, 0
32600.0, 89, 0, 0
32700.0, 92, 0, 0
32800.0, 92, 0, 0
32900.0, 86, 0, 0
33000.0, 88, 0, 0
33100.0, 88, 0, 0
33200.0, 98, 0, 0
33300.0, 94, 0, 0
33400.0, 89, 0, 0
33500.0, 80, 0, 0
33600.0, 76, 0, 0
33700.0, 70, 0, 0
33800.0, 79, 0, 0
33900.0, 78, 0, 0
34000.0, 77, 0, 0
34100.0, 78, 0, 0
34200.0, 67, 0, 0
34300.0, 58, 0, 0
34400.0, 68, 0, 0
34500.0, 69, 0, 0
34600.0, 60, 0, 0
34700.0, 55, 0, 0
34800.0, 48, 0, 0
34900.0, 52, 0, 0
35000.0, 60, 0, 0
35100.0, 66, 0, 0
35200.0, 64, 0, 0
35300.0, 66, 0, 0
35400.0, 64, 0, 0
35500.0, 59, 0, 0
35600.0, 65, 0, 0
35700.0, 69, 0, 0
35800.0, 79, 0, 0
35900.0, 76, 0, 0
36000.0, 81, 0, 0
36100.0, 79, 0, 0
36200.0, 79, 0, 0
36300.0, 81, 0, 0
36400.0, 81, 0, 0
36500.0, 78, 0, 0
36600.0, 81, 0, 0
36700.0, 74, 0, 0
36800.0, 73, 0, 0
36900.0, 77, 0, 0
37000.0, 72, 0, 0
37100.0, 74, 0, 0
37200.0, 75, 0, 0
37300.0, 70, 0, 0
37400.0, 72, 0, 0
37500.0, 76, 0, 0
37600.0, 79, 0, 0
37700.0, 72, 0, 0
37800.0, 87, 0, 0
37900.0, 81, 0, 0
38000.0, 79, 0, 0
38100.0, 77, 0, 0
38200.0, 73, 0, 0
38300.0, 79, 0, 0
38400.0, 82, 0, 0
38500.0, 75, 0, 0
38600.0, 67, 0, 0
38700.0, 63, 0, 0
38800.0, 65, 1, 2
38900.0, 74, 1, 9
39000.0, 84, 1, 13
39100.0, 83, 1, 19
39200.0, 81, 0, 22
39300.0, 80, 1, 24
39400.0, 85, 0, 23
39500.0, 92, 0, 20
39600.0, 91, 0, 20
39700.0, 89, 0, 17
39800.0, 90, 0, 13
39900.0, 89, 0, 12
40000.0, 85, 0, 10
40100.0, 86, 0, 9
40200.0, 79, 0, 9
40300.0, 87, 0, 8
40400.0, 84, 0, 8
40500.0, 81, 0, 8
40600.0, 78, 0, 8
40700.0, 72, 0, 7
40800.0, 73, 0, 5
40900.0, 64, 0, 3
41000.0, 60, 0, 3
41100.0, 58, 0, 3
41200.0, 55, 0, 3
41300.0, 48, 0, 2
41400.0, 44, 0, 2
41500.0, 41, 0, 2
41600.0, 37, 0, 2
41700.0, 45, 0, 2
41800.0, 55, 0, 2
41900.0, 63, 0, 2
42000.0, 65, 0, 2
42100.0, 67, 0, 2
42200.0, 74, 0, 11
42300.0, 76, 0, 17
42400.0, 79, 0, 24
42500.0, 78, 0, 29
42600.0, 69, 0, 33
42700.0, 65, 0, 27
42800.0, 54, 0, 26
42900.0, 49, 0, 24
43000.0, 44, 0, 23
43100.0, 39, 0, 31
43200.0, 34, 0, 39
43300.0, 27, 0, 47
43400.0, 25, 0, 54
43500.0, 24, 0, 63
43600.0, 22, 0, 62
43700.0, 20, 0, 64
43800.0, 18, 0, 66
43900.0, 18, 0, 68
44000.0, 17, 0, 68
44100.0, 14, 0, 66
44200.0, 13, 0, 69
44300.0, 11, 0, 60
44400.0, 9, 0, 51
44500.0, 6, 0, 55
44600.0, 6, 0, 50
44700.0, 6, 0, 46
44800.0, 6, 0, 47
44900.0, 6, 0, 60
45000.0, 6, 0, 57
45100.0, 4, 0, 58
45200.0, 4, 0, 57
45300.0, 4, 0, 62
45400.0, 4, 0, 64
45500.0, 4, 0, 65
45600.0, 4, 0, 70
45700.0, 3, 0, 80
45800.0, 2, 0, 83
45900.0, 2, 0, 78
46000.0, 1, 0, 80
46100.0, 1, 0, 81
46200.0, 1, 0, 83
46300.0, 1, 0, 80
46400.0, 1, 0, 83
46500.0, 1, 0, 92
46600.0, 1, 0, 102
46700.0, 1, 0, 108
46800.0, 1, 0, 106
46900.0, 1, 0, 100
47000.0, 1, 0, 97
47100.0, 1, 0, 105
47200.0, 1, 0, 108
47300.0, 1, 0, 98
47400.0, 1, 0, 96
47500.0, 1, 0, 93
47600.0, 1, 0, 96
47700.0, 0, 0, 96
47800.0, 0, 0, 93
47900.0, 0, 0, 93
48000.0, 0, 0, 97
48100.0, 0, 0, 101
48200.0, 0, 0, 96
48300.0, 0, 0, 97
48400.0, 0, 0, 101
48500.0, 0, 0, 93
48600.0, 0, 0, 91
48700.0, 0, 0, 83
48800.0, 0, 0, 84
48900.0, 0, 2, 88
49000.0, 0, 2, 84
49100.0, 0, 2, 85
49200.0, 0, 7, 80
49300.0, 0, 6, 72
49400.0, 0, 6, 67
49500.0, 0, 5, 63
49600.0, 0, 5, 58
49700.0, 0, 5, 53
49800.0, 0, 2, 52
49900.0, 0, 2, 49
50000.0, 0, 2, 42
50100.0, 0, 2, 40
50200.0, 0, 2, 34
50300.0, 1, 4, 29
50400.0, 1, 8, 27
50500.0, 0, 10, 25
50600.0, 0, 7, 23
50700.0, 0, 7, 22
50800.0, 0, 7, 21
50900.0, 0, 7, 19
51000.0, 0, 6, 19
51100.0, 0, 6, 19
51200.0, 0, 5, 22
51300.0, 0, 4, 19
51400.0, 0, 2, 18
51500.0, 0, 1, 19
51600.0, 0, 0, 16
51700.0, 0, 0, 13
51800.0, 0, 0, 11
51900.0, 66, 0, 9
52000.0, 65, 0, 9
52100.0, 67, 0, 8
52200.0, 69, 0, 8
52300.0, 75, 0, 6
52400.0, 85, 1, 6
52500.0, 78, 1, 6
52600.0, 89, 1, 8
52700.0, 88, 0, 13
52800.0, 87, 1, 16
52900.0, 89, 1, 16
53000.0, 78, 0, 20
53100.0, 71, 0, 25
53200.0, 63, 0, 22
53300.0, 57, 0, 21
53400.0, 54, 0, 19
53500.0, 52, 0, 17
53600.0, 48, 0, 15
53700.0, 45, 0, 15
53800.0, 43, 0, 13
53900.0, 39, 0, 12
54000.0, 37, 0, 19
54100.0, 32, 1, 21
54200.0, 27, 0, 24
54300.0, 22, 0, 30
54400.0, 20, 0, 39
54500.0, 16, 0, 41
54600.0, 14, 0, 39
54700.0, 11, 0, 53
54800.0, 11, 0, 65
54900.0, 11, 0, 81
55000.0, 10, 0, 87
55100.0, 7, 0, 90
55200.0, 7, 0, 175
55300.0, 5, 0, 165
55400.0, 5, 0, 169
55500.0, 5, 0, 171
55600.0, 5, 0, 161
55700.0, 5, 0, 145
55800.0, 5, 0, 137
55900.0, 5, 0, 129
56000.0, 3, 0, 116
56100.0, 3, 0, 114
56200.0, 3, 0, 117
56300.0, 3, 0, 113
56400.0, 2, 0, 110
56500.0, 2, 0, 107
56600.0, 2, 0, 97
56700.0, 1, 0, 94
56800.0, 1, 0, 88
56900.0, 1, 0, 88
57000.0, 1, 0, 90
57100.0, 0, 0, 93
57200.0, 0, 0, 89
57300.0, 0, 0, 89
57400.0, 0, 0, 99
57500.0, 0, 0, 101
57600.0, 0, 0, 102
57700.0, 0, 0, 105
57800.0, 0, 0, 105
57900.0, 0, 0, 100
58000.0, 0, 0, 100
58100.0, 0, 0, 98
58200.0, 0, 0, 104
58300.0, 0, 0, 99
58400.0, 0, 0, 93
58500.0, 0, 0, 89
58600.0, 0, 0, 89
58700.0, 0, 0, 82
58800.0, 0, 0, 85
58900.0, 0, 0, 90
59000.0, 0, 0, 87
59100.0, 0, 0, 88
59200.0, 0, 0, 95
59300.0, 0, 0, 97
59400.0, 0, 0, 102
59500.0, 0, 0, 102
59600.0, 0, 0, 92
59700.0, 0, 0, 101
59800.0, 0, 0, 103
59900.0, 0, 0, 97
60000.0, 0, 0, 90
60100.0, 0, 3, 93
60200.0, 0, 8, 86
60300.0, 1, 10, 80
60400.0, 1, 19, 77
60500.0, 1, 28, 74
60600.0, 1, 36, 68
60700.0, 1, 41, 61
60800.0, 1, 50, 57
60900.0, 0, 50, 53
61000.0, 0, 55, 46
61100.0, 0, 61, 43
61200.0, 0, 58, 39
61300.0, 0, 62, 34
61400.0, 0, 66, 31
61500.0, 0, 72, 28
61600.0, 0, 75, 26
61700.0, 0, 80, 25
61800.0, 0, 84, 22
61900.0, 0, 88, 21
62000.0, 0, 85, 17
62100.0, 0, 85, 16
62200.0, 0, 82, 14
62300.0, 0, 74, 13
62400.0, 0, 78, 11
62500.0, 0, 82, 10
62600.0, 0, 84, 9
62700.0, 0, 89, 8
62800.0, 0, 85, 8
62900.0, 0, 77, 8
63000.0, 0, 70, 8
63100.0, 0, 59, 7
63200.0, 0, 55, 6
63300.0, 0, 48, 5
63400.0, 0, 56, 4
63500.0, 0, 61, 4
63600.0, 0, 68, 4
63700.0, 0, 77, 4
63800.0, 0, 81, 4
63900.0, 0, 79, 4
64000.0, 0, 82, 4
64100.0, 0, 76, 4
64200.0, 0, 76, 4
64300.0, 0, 72, 4
64400.0, 0, 70, 4
64500.0, 0, 78, 4
64600.0, 0, 72, 4
64700.0, 0, 80, 4
64800.0, 0, 79, 4
64900.0, 0, 78, 3
65000.0, 0, 81, 2
65100.0, 0, 84, 2
65200.0, 0, 82, 2
65300.0, 0, 88, 2
65400.0, 0, 81, 2
65500.0, 0, 80, 2
65600.0, 0, 83, 1
65700.0, 0, 85, 2
65800.0, 2, 86, 2
65900.0, 4, 86, 2
66000.0, 8, 85, 2
66100.0, 19, 81, 2
66200.0, 14, 73, 2
66300.0, 13, 64, 2
66400.0, 13, 60, 2
66500.0, 14, 56, 2
66600.0, 25, 49, 1
66700.0, 29, 47, 1
66800.0, 30, 43, 1
66900.0, 41, 40, 1
67000.0, 49, 38, 1
67100.0, 57, 31, 1
67200.0, 61, 29, 1
67300.0, 58, 26, 1
67400.0, 63, 24, 1
67500.0, 69, 24, 1
67600.0, 71, 21, 1
67700.0, 77, 19, 1
67800.0, 77, 18, 1
67900.0, 80, 16, 1
68000.0, 86, 15, 0
68100.0, 84, 15, 0
68200.0, 80, 15, 0
68300.0, 88, 15, 0
68400.0, 87, 11, 0
68500.0, 85, 9, 0
68600.0, 83, 8, 0
68700.0, 74, 8, 0
68800.0, 72, 7, 0
68900.0, 81, 6, 4
69000.0, 77, 7, 5
69100.0, 80, 7, 5
69200.0, 77, 4, 4
69300.0, 76, 4, 3
69400.0, 72, 2, 4
69500.0, 70, 2, 2
69600.0, 64, 2, 2
69700.0, 58, 2, 2
69800.0, 50, 1, 2
69900.0, 48, 1, 2
70000.0, 46, 1, 1
70100.0, 42, 1, 2
70200.0, 43, 1, 2
70300.0, 40, 1, 2
70400.0, 36, 0, 2
70500.0, 34, 0, 2
70600.0, 35, 0, 2
70700.0, 33, 0, 1
70800.0, 33, 0, 2
70900.0, 29, 0, 0
71000.0, 26, 0, 0
71100.0, 20, 0, 0
71200.0, 18, 0, 0
71300.0, 17, 0, 0
71400.0, 16, 0, 0
71500.0, 14, 0, 0
71600.0, 13, 0, 0
71700.0, 11, 0, 0
71800.0, 11, 0, 0
71900.0, 10, 0, 0
72000.0, 10, 0, 0
72100.0, 10, 0, 0
72200.0, 10, 0, 0
72300.0, 9, 0, 0
72400.0, 6, 0, 0
72500.0, 6, 0, 0
72600.0, 6, 0, 0
72700.0, 6, 0, 0
72800.0, 4, 0, 0
72900.0, 4, 0, 0
73000.0, 4, 0, 0
73100.0, 4, 0, 0
73200.0, 3, 0, 0
73300.0, 3, 0, 0
73400.0, 3, 0, 0
73500.0, 3, 0, 0
73600.0, 3, 0, 0
73700.0, 2, 0, 0
73800.0, 2, 0, 0
73900.0, 2, 0, 0
74000.0, 2, 0, 0
74100.0, 2, 0, 0
74200.0, 1, 0, 0
74300.0, 1, 0, 0
74400.0, 1, 0, 0
74500.0, 1, 0, 0
74600.0, 1, 0, 0
74700.0, 1, 0, 0
74800.0, 1, 0, 0
74900.0, 1, 1, 0
75000.0, 1, 1, 0
75100.0, 1, 1, 65
75200.0, 1, 1, 65
75300.0, 1, 1, 57
75400.0, 1, 1, 61
75500.0, 1, 1, 64
75600.0, 1, 1, 73
75700.0, 1, 1, 60
75800.0, 1, 1, 53
75900.0, 1, 1, 45
76000.0, 1, 1, 40
76100.0, 1, 1, 42
76200.0, 0, 1, 42
76300.0, 0, 1, 46
76400.0, 0, 1, 40
76500.0, 0, 1, 34
76600.0, 0, 1, 29
76700.0, 0, 1, 29
76800.0, 0, 1, 25
76900.0, 0, 1, 30
77000.0, 0, 1, 33
77100.0, 0, 1, 41
77200.0, 0, 1, 50
77300.0, 0, 1, 48
77400.0, 0, 1, 50
77500.0, 0, 1, 60
77600.0, 0, 1, 62
77700.0, 0, 1, 157
77800.0, 0, 1, 152
77900.0, 0, 1, 143
78000.0, 0, 1, 133
78100.0, 0, 1, 127
78200.0, 0, 1, 124
78300.0, 0, 1, 126
78400.0, 0, 1, 118
78500.0, 0, 1, 112
78600.0, 0, 1, 117
78700.0, 0, 1, 118
78800.0, 0, 1, 118
78900.0, 0, 0, 111
79000.0, 0, 0, 105
79100.0, 0, 0, 107
79200.0, 0, 0, 112
79300.0, 0, 0, 118
79400.0, 0, 0, 115
79500.0, 0, 0, 115
79600.0, 0, 0, 113
79700.0, 0, 0, 110
79800.0, 0, 0, 109
79900.0, 0, 0, 110
80000.0, 0, 0, 102
80100.0, 0, 0, 102
80200.0, 0, 0, 98
80300.0, 0, 0, 102
80400.0, 0, 0, 95
80500.0, 0, 0, 99
80600.0, 0, 0, 102
80700.0, 0, 0, 107
80800.0, 0, 0, 109
80900.0, 0, 0, 111
81000.0, 0, 0, 106
81100.0, 0, 0, 119
81200.0, 0, 0, 122
81300.0, 0, 0, 122
81400.0, 0, 0, 120
81500.0, 0, 0, 111
81600.0, 0, 0, 96
81700.0, 0, 0, 102
81800.0, 0, 0, 104
81900.0, 0, 0, 108
82000.0, 0, 0, 104
82100.0, 0, 0, 105
82200.0, 0, 0, 95
82300.0, 0, 0, 91
82400.0, 0, 0, 97
82500.0, 0, 0, 95
82600.0, 0, 0, 97
82700.0, 0, 0, 97
82800.0, 0, 0, 92
82900.0, 0, 0, 99
83000.0, 0, 0, 104
83100.0, 0, 0, 108
83200.0, 0, 0, 105
83300.0, 0, 0, 101
83400.0, 0, 0, 96
83500.0, 0, 0, 93
83600.0, 0, 0, 101
83700.0, 0, 0, 101
83800.0, 0, 0, 101
83900.0, 0, 0, 87
84000.0, 0, 0, 88
84100.0, 0, 0, 87
84200.0, 0, 0, 81
84300.0, 0, 0, 85
84400.0, 0, 0, 90
84500.0, 0, 0, 87
84600.0, 0, 0, 86
84700.0, 0, 0, 89
84800.0, 0, 0, 77
84900.0, 0, 0, 66
85000.0, 0, 0, 58
85100.0, 0, 0, 53
85200.0, 0, 0, 47
85300.0, 0, 0, 43
85400.0, 0, 0, 40
85500.0, 0, 0, 45
85600.0, 0, 0, 53
85700.0, 0, 0, 58
85800.0, 0, 0, 60
85900.0, 0, 0, 68
86000.0, 0, 0, 70
86100.0, 0, 0, 71
86200.0, 0, 0, 69
86300.0, 0, 0, 66
86400.0, 0, 0, 74
86500.0, 0, 0, 75
86600.0, 0, 0, 72
86700.0, 0, 0, 71
86800.0, 0, 0, 78
86900.0, 0, 0, 77
87000.0, 0, 0, 78
87100.0, 0, 0, 80
87200.0, 0, 0, 85
87300.0, 0, 0, 90
87400.0, 0, 0, 93
87500.0, 0, 0, 95
87600.0, 0, 0, 100
87700.0, 0, 0, 100
87800.0, 0, 0, 93
87900.0, 0, 0, 95
88000.0, 0, 0, 91
88100.0, 0, 0, 98
88200.0, 0, 0, 95
88300.0, 0, 0, 91
88400.0, 0, 0, 91
88500.0, 0, 0, 85
88600.0, 0, 0, 84
88700.0, 0, 0, 116
88800.0, 0, 0, 124
88900.0, 0, 0, 130
89000.0, 0, 0, 127
89100.0, 0, 0, 117
89200.0, 0, 0, 119
89300.0, 0, 0, 110
89400.0, 0, 0, 106
89500.0, 0, 0, 108
89600.0, 0, 0, 106
89700.0, 0, 0, 102
89800.0, 0, 0, 100
89900.0, 0, 0, 104
90000.0, 0, 0, 103
90100.0, 0, 0, 97
90200.0, 0, 0, 95
90300.0, 0, 0, 97
90400.0, 0, 0, 91
90500.0, 0, 0, 96
90600.0, 0, 0, 90
90700.0, 0, 0, 96
90800.0, 0, 0, 95
90900.0, 0, 0, 98
91000.0, 0, 0, 97
91100.0, 0, 0, 93
91200.0, 0, 0, 88
91300.0, 0, 0, 97
91400.0, 0, 0, 95
91500.0, 0, 0, 99
91600.0, 0, 0, 100
91700.0, 0, 0, 91
91800.0, 0, 0, 95
91900.0, 0, 0, 90
92000.0, 0, 0, 101
92100.0, 0, 0, 99
92200.0, 0, 0, 105
92300.0, 0, 0, 101
92400.0, 0, 0, 100
92500.0, 0, 0, 94
92600.0, 0, 0, 96
92700.0, 0, 0, 96
92800.0, 0, 0, 89
92900.0, 0, 0, 97
93000.0, 0, 0, 99
93100.0, 0, 0, 100
93200.0, 0, 0, 97
93300.0, 0, 0, 105
93400.0, 0, 0, 99
93500.0, 0, 0, 100
93600.0, 0, 0, 97
93700.0, 0, 0, 95
93800.0, 0, 0, 97
93900.0, 0, 0, 100
94000.0, 0, 0, 96
94100.0, 0, 0, 92
94200.0, 0, 0, 91
94300.0, 0, 0, 101
94400.0, 0, 0, 94
94500.0, 0, 0, 90
94600.0, 0, 0, 87
94700.0, 0, 0, 87
94800.0, 0, 0, 85
94900.0, 0, 0, 86
95000.0, 0, 0, 88
95100.0, 0, 0, 85
95200.0, 0, 0, 85
95300.0, 0, 0, 82
95400.0, 0, 0, 71
95500.0, 0, 0, 75
95600.0, 0, 0, 76
95700.0, 0, 0, 75
95800.0, 0, 0, 87
95900.0, 0, 0, 88
96000.0, 0, 0, 94
96100.0, 0, 0, 87
96200.0, 0, 0, 79
96300.0, 0, 1, 82
96400.0, 0, 6, 72
96500.0, 1, 10, 65
96600.0, 1, 9, 61
96700.0, 0, 14, 59
96800.0, 1, 18, 54
96900.0, 0, 23, 47
97000.0, 0, 20, 44
97100.0, 0, 17, 42
97200.0, 0, 16, 41
97300.0, 0, 15, 38
97400.0, 0, 14, 37
97500.0, 0, 10, 33
97600.0, 0, 9, 29
97700.0, 0, 8, 26
97800.0, 0, 8, 26
97900.0, 0, 8, 23
98000.0, 0, 8, 22
98100.0, 0, 7, 19
98200.0, 0, 7, 17
98300.0, 0, 7, 16
98400.0, 0, 6, 16
98500.0, 0, 5, 11
98600.0, 0, 4, 8
98700.0, 0, 4, 8
98800.0, 0, 3, 6
98900.0, 0, 3, 5
99000.0, 0, 3, 4
99100.0, 0, 2, 4
99200.0, 0, 2, 3
99300.0, 0, 1, 3
99400.0, 0, 1, 3
99500.0, 0, 1, 2
99600.0, 0, 1, 2
99700.0, 0, 1, 2
99800.0, 0, 1, 2
99900.0, 0, 1, 2
100000.0, 0, 1, 2
100100.0, 0, 1, 2
